Date,index,Open,High,Low,Close,Adj Close,Volume
2014-01-02,0,23.170000,23.290001,22.809999,22.820000,18.189556,2980400
2014-01-03,1,22.860001,23.000000,22.700001,22.809999,18.181589,3187900
2014-01-06,2,22.930000,22.940001,22.690001,22.840000,18.205503,2697800
2014-01-07,3,22.879999,23.200001,22.809999,23.080000,18.396803,2760300
2014-01-08,4,23.020000,23.100000,22.760000,22.840000,18.205503,2521700
2014-01-09,5,22.850000,23.110001,22.709999,23.100000,18.412743,3654400
2014-01-10,6,23.230000,23.680000,23.219999,23.379999,18.635931,5118800
2014-01-13,7,23.290001,23.360001,23.000000,23.040001,18.364918,5265600
2014-01-14,8,23.040001,23.280001,23.000000,23.230000,18.516367,3566000
2014-01-15,9,23.209999,23.469999,23.090000,23.459999,18.699696,6575700
2014-01-16,10,23.450001,23.620001,23.260000,23.559999,18.779408,5048000
2014-01-17,11,23.580000,23.600000,23.410000,23.420000,18.667810,2868100
2014-01-21,12,23.500000,23.740000,23.469999,23.709999,18.898966,2551900
2014-01-22,13,23.690001,23.870001,23.680000,23.790001,18.962734,1708000
2014-01-23,14,23.709999,23.760000,23.410000,23.570000,18.787371,2523700
2014-01-24,15,23.450001,23.639999,23.150000,23.150000,18.452599,2767400
2014-01-27,16,23.170000,23.299999,23.090000,23.180000,18.476513,2559900
2014-01-28,17,23.180000,23.370001,23.139999,23.340000,18.604046,2212800
2014-01-29,18,23.200001,23.370001,23.020000,23.150000,18.452599,2779400
2014-01-30,19,23.260000,23.620001,23.250000,23.549999,18.771433,2780100
2014-01-31,20,23.340000,23.770000,23.330000,23.400000,18.651871,7158900
2014-02-03,21,23.469999,23.639999,22.959999,23.049999,18.372889,4106100
2014-02-04,22,23.150000,23.180000,22.870001,23.059999,18.380863,3668600
2014-02-05,23,22.969999,23.090000,22.620001,23.040001,18.364918,5107600
2014-02-06,24,23.040001,23.209999,22.950001,23.180000,18.476513,4360200
2014-02-07,25,23.240000,23.469999,23.180000,23.330000,18.596077,3168100
2014-02-10,26,23.290001,23.430000,23.100000,23.400000,18.651871,3059400
2014-02-11,27,23.360001,23.570000,23.299999,23.559999,18.779408,3701500
2014-02-12,28,23.280001,23.520000,23.280001,23.299999,18.761290,3341000
2014-02-13,29,23.219999,23.520000,23.150000,23.500000,18.922331,3591300
2014-02-14,30,23.440001,24.059999,23.379999,24.049999,19.365192,5238300
2014-02-18,31,24.000000,24.150000,23.719999,24.090000,19.397396,5914600
2014-02-19,32,23.990000,24.469999,23.930000,24.139999,19.437664,5924300
2014-02-20,33,24.180000,24.540001,24.059999,24.280001,19.550388,3884500
2014-02-21,34,24.260000,24.530001,24.160000,24.480000,19.711430,3749600
2014-02-24,35,24.549999,24.700001,24.370001,24.379999,19.630911,3178600
2014-02-25,36,24.360001,24.480000,23.990000,24.190001,19.477917,5774500
2014-02-26,37,24.280001,24.370001,23.530001,23.549999,18.962582,10724700
2014-02-27,38,23.520000,23.780001,23.450001,23.559999,18.970642,7500600
2014-02-28,39,23.600000,23.730000,23.549999,23.650000,19.043112,2565700
2014-03-03,40,23.530001,23.590000,23.299999,23.480000,18.906221,4131900
2014-03-04,41,23.660000,23.770000,23.500000,23.610001,19.010904,2064900
2014-03-05,42,23.610001,23.610001,23.240000,23.330000,18.785446,3139300
2014-03-06,43,23.389999,23.490000,23.209999,23.250000,18.721027,3322500
2014-03-07,44,23.230000,23.230000,23.010000,23.190001,18.672712,2119500
2014-03-10,45,23.209999,23.240000,23.010000,23.090000,18.592194,3435500
2014-03-11,46,23.160000,23.400000,22.940001,23.309999,18.769341,5707400
2014-03-12,47,23.270000,23.459999,23.200001,23.420000,18.857912,8262500
2014-03-13,48,23.500000,24.120001,23.459999,23.940001,19.276619,10242900
2014-03-14,49,23.910000,24.020000,23.770000,23.900000,19.244413,4598900
2014-03-17,50,23.940001,24.260000,23.900000,24.250000,19.526234,4702700
2014-03-18,51,24.260000,24.270000,24.020000,24.049999,19.365192,3043900
2014-03-19,52,24.070000,24.100000,23.740000,23.870001,19.220255,6345700
2014-03-20,53,23.770000,23.799999,23.570000,23.700001,19.083370,2241600
2014-03-21,54,23.780001,24.030001,23.600000,23.719999,19.099474,6313200
2014-03-24,55,23.780001,23.870001,23.420000,23.540001,18.954536,5560800
2014-03-25,56,23.590000,23.639999,23.270000,23.389999,18.833754,5681800
2014-03-26,57,23.440001,23.629999,23.280001,23.280001,18.745182,5426300
2014-03-27,58,23.389999,23.469999,23.160000,23.389999,18.833754,6396000
2014-03-28,59,23.520000,23.620001,23.420000,23.540001,18.954536,2740000
2014-03-31,60,23.620001,23.820000,23.520000,23.690001,19.075319,3592000
2014-04-01,61,23.719999,24.139999,23.639999,23.820000,19.179991,5407900
2014-04-02,62,23.780001,24.059999,23.510000,23.969999,19.300772,4847400
2014-04-03,63,24.049999,24.100000,23.670000,23.870001,19.220255,6579500
2014-04-04,64,23.950001,24.160000,23.780001,23.799999,19.163891,3865600
2014-04-07,65,23.799999,23.889999,23.370001,23.389999,18.833754,4901400
2014-04-08,66,23.490000,23.700001,23.190001,23.690001,19.075319,5740800
2014-04-09,67,23.690001,23.910000,23.530001,23.860001,19.212206,3842100
2014-04-10,68,23.900000,24.219999,23.830000,23.959999,19.292721,4125800
2014-04-11,69,23.920000,24.340000,23.840000,24.000000,19.324928,7084800
2014-04-14,70,24.080000,24.170000,23.850000,24.049999,19.365192,5813400
2014-04-15,71,24.110001,24.469999,24.070000,24.459999,19.695322,4810200
2014-04-16,72,24.549999,24.730000,24.350000,24.700001,19.888573,5560700
2014-04-17,73,24.629999,24.809999,24.459999,24.610001,19.816111,3965900
2014-04-21,74,24.629999,24.660000,24.350000,24.400000,19.647015,3559300
2014-04-22,75,24.469999,24.650000,24.299999,24.549999,19.767788,5425500
2014-04-23,76,24.610001,24.840000,24.570000,24.620001,19.824158,2971700
2014-04-24,77,24.639999,24.780001,24.430000,24.559999,19.775845,3745600
2014-04-25,78,24.570000,24.900000,24.480000,24.860001,20.017410,4498100
2014-04-28,79,24.889999,24.959999,24.610001,24.820000,19.985199,5253400
2014-04-29,80,24.830000,24.940001,24.570000,24.590000,19.800001,4381300
2014-04-30,81,24.620001,24.860001,24.600000,24.760000,19.936892,5082900
2014-05-01,82,25.230000,25.549999,24.570000,24.740000,19.920782,4730300
2014-05-02,83,24.650000,24.690001,24.230000,24.290001,19.558443,4531300
2014-05-05,84,24.270000,24.520000,24.240000,24.469999,19.703375,3146000
2014-05-06,85,24.480000,24.480000,24.240000,24.250000,19.526234,2743500
2014-05-07,86,24.299999,24.540001,24.270000,24.510000,19.735586,3346100
2014-05-08,87,24.559999,24.639999,24.280001,24.360001,19.614803,3067300
2014-05-09,88,24.340000,24.410000,23.930000,23.950001,19.284668,3727200
2014-05-12,89,23.950001,24.059999,23.730000,23.730000,19.107525,3760000
2014-05-13,90,23.760000,23.860001,23.549999,23.670000,19.059208,5308700
2014-05-14,91,23.450001,23.870001,23.410000,23.700001,19.276789,3903900
2014-05-15,92,23.700001,23.820000,23.549999,23.549999,19.154785,2965300
2014-05-16,93,23.580000,23.879999,23.450001,23.879999,19.423191,5125100
2014-05-19,94,23.820000,23.830000,23.469999,23.510000,19.122250,3287700
2014-05-20,95,23.510000,23.680000,23.389999,23.639999,19.227989,3624200
2014-05-21,96,23.670000,23.730000,23.520000,23.680000,19.260519,3494100
2014-05-22,97,23.680000,24.110001,23.610001,24.030001,19.545198,3863000
2014-05-23,98,24.000000,24.049999,23.840000,23.870001,19.415064,2563800
2014-05-27,99,24.000000,24.120001,23.860001,23.959999,19.488264,2888400
2014-05-28,100,23.990000,24.070000,23.920000,24.010000,19.528933,2664600
2014-05-29,101,24.010000,24.080000,23.860001,24.059999,19.569601,1822800
2014-05-30,102,24.010000,24.160000,23.950001,24.120001,19.618404,4123800
2014-06-02,103,24.090000,24.150000,23.969999,24.080000,19.585869,1709300
2014-06-03,104,24.030001,24.110001,23.940001,24.020000,19.537069,5392900
2014-06-04,105,23.990000,24.010000,23.879999,23.940001,19.471996,2108600
2014-06-05,106,23.930000,24.100000,23.850000,24.100000,19.602135,3267600
2014-06-06,107,24.170000,24.240000,24.020000,24.049999,19.561468,3430800
2014-06-09,108,24.010000,24.080000,23.879999,23.930000,19.463865,2401000
2014-06-10,109,23.900000,24.070000,23.820000,23.889999,19.431328,3554300
2014-06-11,110,23.830000,23.930000,23.600000,23.809999,19.366257,2832000
2014-06-12,111,23.790001,23.990000,23.629999,23.950001,19.480133,3110200
2014-06-13,112,23.950001,24.040001,23.790001,24.010000,19.528933,2173800
2014-06-16,113,24.180000,24.740000,24.110001,24.629999,20.033222,5627000
2014-06-17,114,24.549999,24.610001,24.170000,24.480000,19.911211,4779900
2014-06-18,115,24.490000,24.820000,24.450001,24.770000,20.147085,5618200
2014-06-19,116,24.799999,24.990000,24.740000,24.969999,20.309761,5703200
2014-06-20,117,24.990000,25.010000,24.530001,24.580000,19.992546,12311000
2014-06-23,118,24.650000,24.780001,24.559999,24.610001,20.016954,3397700
2014-06-24,119,24.629999,24.920000,24.559999,24.760000,20.138958,9087400
2014-06-25,120,24.709999,25.090000,24.709999,25.059999,20.382965,3452700
2014-06-26,121,25.010000,25.209999,24.850000,25.160000,20.464304,5318200
2014-06-27,122,25.160000,25.410000,25.080000,25.360001,20.626974,3334900
2014-06-30,123,25.379999,25.750000,25.309999,25.540001,20.773384,6810900
2014-07-01,124,25.580000,25.620001,25.379999,25.379999,20.643242,4410300
2014-07-02,125,25.340000,25.350000,24.860001,24.910000,20.260960,2982100
2014-07-03,126,24.920000,25.010000,24.660000,24.770000,20.147085,1931600
2014-07-07,127,24.760000,24.930000,24.719999,24.780001,20.155226,2465900
2014-07-08,128,24.740000,25.030001,24.740000,24.830000,20.195892,2977100
2014-07-09,129,24.900000,25.020000,24.770000,24.900000,20.252829,2051900
2014-07-10,130,24.850000,25.059999,24.770000,25.059999,20.382965,2049800
2014-07-11,131,25.040001,25.150000,24.910000,24.969999,20.309761,1817400
2014-07-14,132,25.000000,25.090000,24.690001,24.719999,20.106422,2253600
2014-07-15,133,24.760000,24.950001,24.719999,24.900000,20.252829,2708000
2014-07-16,134,24.900000,24.950001,24.690001,24.920000,20.269096,2523400
2014-07-17,135,24.830000,25.139999,24.780001,24.809999,20.179623,3407500
2014-07-18,136,25.000000,25.100000,24.799999,25.070000,20.391098,2906300
2014-07-21,137,24.990000,25.230000,24.940001,25.129999,20.439899,2195700
2014-07-22,138,25.170000,25.280001,25.120001,25.120001,20.431770,1288900
2014-07-23,139,25.120001,25.129999,24.990000,25.000000,20.334166,1192200
2014-07-24,140,25.049999,25.219999,24.910000,25.160000,20.464304,2250300
2014-07-25,141,25.070000,25.139999,24.860001,24.870001,20.228424,1339600
2014-07-28,142,24.840000,25.240000,24.830000,25.150000,20.456169,2244700
2014-07-29,143,25.180000,25.230000,24.889999,24.980000,20.317896,2983300
2014-07-30,144,25.020000,25.100000,24.480000,24.559999,19.976284,3241200
2014-07-31,145,24.450001,24.650000,24.299999,24.320000,19.781075,4623500
2014-08-01,146,24.290001,24.650000,24.250000,24.490000,19.919350,3434700
2014-08-04,147,24.480000,24.480000,23.980000,24.450001,19.886814,5408500
2014-08-05,148,24.299999,24.360001,23.870001,23.940001,19.471996,4632300
2014-08-06,149,23.980000,24.010000,23.469999,23.559999,19.162916,9841000
2014-08-07,150,23.600000,24.010000,23.600000,23.879999,19.423191,3876000
2014-08-08,151,23.990000,24.350000,23.969999,24.330000,19.789211,2854600
2014-08-11,152,24.360001,24.549999,24.260000,24.360001,19.813610,4147700
2014-08-12,153,24.360001,24.530001,24.290001,24.389999,19.838011,3571700
2014-08-13,154,24.170000,24.350000,24.070000,24.230000,19.901670,2980500
2014-08-14,155,24.280001,24.540001,24.209999,24.500000,20.123438,2438800
2014-08-15,156,24.500000,24.700001,24.290001,24.510000,20.131649,4625800
2014-08-18,157,24.580000,24.690001,24.340000,24.389999,20.033089,2434200
2014-08-19,158,24.400000,24.660000,24.379999,24.650000,20.246641,2548900
2014-08-20,159,24.830000,24.910000,24.530001,24.730000,20.312349,2588500
2014-08-21,160,24.740000,24.900000,24.670000,24.690001,20.279497,1732300
2014-08-22,161,24.650000,24.750000,24.459999,24.520000,20.139864,2102600
2014-08-25,162,24.549999,24.850000,24.530001,24.790001,20.361631,2845300
2014-08-26,163,24.860001,24.879999,24.520000,24.559999,20.172716,1718700
2014-08-27,164,24.610001,24.719999,24.549999,24.629999,20.230211,1759500
2014-08-28,165,24.549999,24.850000,24.549999,24.840000,20.402702,993200
2014-08-29,166,24.870001,24.900000,24.700001,24.840000,20.402702,2789100
2014-09-02,167,24.850000,24.900000,24.610001,24.740000,20.320566,2273100
2014-09-03,168,24.760000,24.969999,24.760000,24.879999,20.435555,1577300
2014-09-04,169,24.840000,24.920000,24.620001,24.750000,20.328775,2362100
2014-09-05,170,24.770000,25.059999,24.770000,25.020000,20.550547,2073500
2014-09-08,171,25.020000,25.090000,24.750000,24.850000,20.410913,2578200
2014-09-09,172,24.790001,24.950001,24.670000,24.690001,20.279497,2935500
2014-09-10,173,24.690001,24.740000,24.500000,24.610001,20.213785,3226700
2014-09-11,174,24.620001,24.780001,24.570000,24.750000,20.328775,1775700
2014-09-12,175,24.670000,24.700001,24.190001,24.250000,19.918095,2217800
2014-09-15,176,24.290001,24.440001,24.230000,24.270000,19.934525,2884600
2014-09-16,177,24.230000,24.530001,24.219999,24.430000,20.065939,2780800
2014-09-17,178,24.500000,24.620001,24.160000,24.360001,20.008446,4665200
2014-09-18,179,24.370001,24.430000,24.139999,24.219999,19.893452,2475700
2014-09-19,180,24.219999,24.280001,24.030001,24.059999,19.762035,7954100
2014-09-22,181,24.170000,24.170000,23.830000,23.850000,19.589550,4821000
2014-09-23,182,23.799999,23.879999,23.730000,23.860001,19.597765,5104800
2014-09-24,183,23.889999,24.010000,23.790001,23.870001,19.605978,3851000
2014-09-25,184,23.840000,24.209999,23.799999,23.940001,19.663475,4138900
2014-09-26,185,23.940001,24.500000,23.809999,24.389999,20.033089,6338500
2014-09-29,186,24.350000,24.510000,24.290001,24.459999,20.090580,3074000
2014-09-30,187,24.490000,24.700001,24.389999,24.469999,20.098795,3960300
2014-10-01,188,24.520000,24.750000,24.490000,24.540001,20.156294,2987000
2014-10-02,189,24.540001,24.680000,24.430000,24.530001,20.148077,3064400
2014-10-03,190,24.570000,24.830000,24.459999,24.730000,20.312349,2168500
2014-10-06,191,24.750000,24.840000,24.510000,24.620001,20.221998,1999300
2014-10-07,192,24.580000,24.719999,24.469999,24.480000,20.107008,3213800
2014-10-08,193,24.469999,24.790001,24.410000,24.750000,20.328775,4941800
2014-10-09,194,24.750000,24.840000,24.100000,24.190001,19.868811,4097900
2014-10-10,195,24.290001,24.459999,23.940001,24.080000,19.778460,5240900
2014-10-13,196,24.040001,24.150000,23.129999,23.160000,19.022806,10151100
2014-10-14,197,23.280001,23.309999,22.629999,22.809999,18.735331,9142700
2014-10-15,198,22.510000,22.590000,21.070000,22.139999,18.185017,9788900
2014-10-16,199,21.900000,22.830000,21.770000,22.549999,18.521772,9922700
2014-10-17,200,22.730000,23.320000,22.530001,23.170000,19.031021,7457600
2014-10-20,201,23.160000,23.650000,23.059999,23.540001,19.334929,3750900
2014-10-21,202,23.629999,23.990000,23.530001,23.870001,19.605978,3943400
2014-10-22,203,23.870001,24.160000,23.510000,23.520000,19.318495,5155000
2014-10-23,204,23.690001,24.020000,23.580000,23.820000,19.564907,3148200
2014-10-24,205,23.879999,24.139999,23.799999,24.000000,19.712753,2016700
2014-10-27,206,24.020000,24.219999,23.900000,24.010000,19.720972,3847700
2014-10-28,207,24.100000,24.290001,24.040001,24.290001,19.950951,3193000
2014-10-29,208,24.330000,24.450001,23.879999,24.200001,19.877029,2371000
2014-10-30,209,24.219999,24.559999,24.180000,24.410000,20.049515,4420500
2014-10-31,210,24.500000,24.580000,24.240000,24.549999,20.164503,5079900
2014-11-03,211,24.629999,25.100000,24.559999,24.879999,20.435555,6256500
2014-11-04,212,24.790001,24.920000,24.389999,24.639999,20.238422,4808700
2014-11-05,213,24.950001,25.209999,24.430000,25.129999,20.640892,9388400
2014-11-06,214,25.080000,25.110001,24.530001,24.940001,20.484838,5957100
2014-11-07,215,24.980000,25.270000,24.920000,25.230000,20.723032,4157700
2014-11-10,216,25.250000,25.389999,25.100000,25.379999,20.846231,3213700
2014-11-11,217,25.430000,25.559999,25.129999,25.299999,20.780529,3106600
2014-11-12,218,24.740000,24.940001,24.559999,24.570000,20.372173,5329600
2014-11-13,219,24.620001,24.730000,24.160000,24.190001,20.057096,4326600
2014-11-14,220,24.110001,24.209999,23.980000,24.040001,19.932722,3989700
2014-11-17,221,24.049999,24.450001,23.950001,24.379999,20.214634,2971500
2014-11-18,222,24.370001,24.660000,24.240000,24.590000,20.388756,2906000
2014-11-19,223,24.500000,24.629999,24.340000,24.379999,20.214634,2604800
2014-11-20,224,24.309999,24.510000,24.219999,24.330000,20.173182,1806000
2014-11-21,225,24.590000,24.610001,24.180000,24.340000,20.181467,6072900
2014-11-24,226,24.400000,24.549999,24.299999,24.350000,20.189758,2973200
2014-11-25,227,24.420000,24.440001,24.150000,24.309999,20.156593,3464500
2014-11-26,228,24.370001,24.430000,24.219999,24.270000,20.123430,1887800
2014-11-28,229,24.250000,24.370001,23.850000,23.940001,19.849812,3599900
2014-12-01,230,23.850000,23.879999,23.400000,23.500000,19.484989,5473000
2014-12-02,231,23.469999,23.900000,23.410000,23.770000,19.708853,5478200
2014-12-03,232,23.809999,24.150000,23.760000,24.090000,19.974182,3590000
2014-12-04,233,24.059999,24.170000,23.870001,23.920000,19.833225,4794300
2014-12-05,234,23.740000,23.930000,23.480000,23.549999,19.526440,3944600
2014-12-08,235,23.520000,23.830000,23.209999,23.299999,19.319157,4249200
2014-12-09,236,23.190001,23.600000,23.190001,23.450001,19.443527,3913300
2014-12-10,237,23.430000,23.480000,22.520000,22.650000,18.780209,6864200
2014-12-11,238,22.700001,23.000000,22.559999,22.580000,18.722168,4688400
2014-12-12,239,22.510000,22.590000,22.000000,22.000000,18.241259,5688700
2014-12-15,240,22.070000,22.120001,21.480000,21.540001,17.859856,5500300
2014-12-16,241,21.530001,22.250000,21.410000,21.709999,18.000809,5647900
2014-12-17,242,21.860001,22.530001,21.700001,22.490000,18.647543,5405400
2014-12-18,243,22.549999,23.000000,22.490000,23.000000,19.070408,4709000
2014-12-19,244,23.080000,23.230000,22.910000,23.100000,19.153326,6554700
2014-12-22,245,23.110001,23.290001,22.879999,23.270000,19.294283,3546000
2014-12-23,246,23.370001,23.549999,23.290001,23.450001,19.443527,2715900
2014-12-24,247,23.450001,23.799999,23.430000,23.760000,19.700560,1894200
2014-12-26,248,23.809999,24.110001,23.799999,23.930000,19.841518,2806900
2014-12-29,249,23.930000,24.350000,23.930000,24.290001,20.140009,2916200
2014-12-30,250,24.299999,24.379999,23.799999,23.820000,19.750315,2260600
2014-12-31,251,23.870001,23.900000,23.389999,23.430000,19.426943,2303100
2015-01-02,252,23.450001,23.660000,23.299999,23.629999,19.592770,2275600
2015-01-05,253,23.270000,23.440001,22.700001,22.879999,18.970913,4125900
2015-01-06,254,22.879999,23.020000,22.209999,22.370001,18.548044,4766400
2015-01-07,255,22.540001,22.870001,22.379999,22.660000,18.788500,5264500
2015-01-08,256,22.860001,23.240000,22.709999,23.200001,19.236240,3429700
2015-01-09,257,23.190001,23.200001,22.650000,22.709999,18.829958,2124300
2015-01-12,258,22.740000,22.820000,22.370001,22.760000,18.871418,2472800
2015-01-13,259,22.930000,23.150000,22.490000,22.639999,18.771915,3044900
2015-01-14,260,22.420000,22.650000,22.209999,22.620001,18.755335,4441500
2015-01-15,261,22.660000,22.760000,22.500000,22.660000,18.788500,3755700
2015-01-16,262,22.610001,23.010000,22.440001,23.000000,19.070408,4188100
2015-01-20,263,23.080000,23.120001,22.620001,22.889999,18.979200,3195900
2015-01-21,264,22.889999,23.180000,22.760000,23.150000,19.194782,3247900
2015-01-22,265,23.230000,23.330000,22.740000,22.889999,18.979200,3462000
2015-01-23,266,22.950001,23.129999,22.870001,22.969999,19.045530,2327500
2015-01-26,267,22.770000,23.010000,22.400000,23.000000,19.070408,2689400
2015-01-27,268,22.870001,23.309999,22.799999,23.139999,19.186491,3045700
2015-01-28,269,23.170000,23.240000,22.660000,22.760000,18.871418,4317000
2015-01-29,270,22.799999,23.459999,22.700001,23.370001,19.377193,4108100
2015-01-30,271,23.160000,23.440001,23.059999,23.090000,19.145033,4888800
2015-02-02,272,23.120001,23.299999,22.690001,22.900000,18.987497,4296400
2015-02-03,273,22.610001,22.920000,22.510000,22.840000,18.937746,5478500
2015-02-04,274,22.730000,22.920000,22.520000,22.799999,18.904577,4895000
2015-02-05,275,22.990000,23.280001,22.830000,23.190001,19.227947,3555300
2015-02-06,276,23.129999,23.150000,22.110001,22.219999,18.423674,4352300
2015-02-09,277,22.230000,22.559999,22.120001,22.190001,18.398800,4030600
2015-02-10,278,22.209999,22.719999,22.110001,22.670000,18.796791,3669000
2015-02-11,279,22.290001,22.350000,21.610001,21.650000,18.149204,4704600
2015-02-12,280,21.770000,22.120001,21.670000,22.110001,18.534824,4691900
2015-02-13,281,22.100000,22.150000,21.690001,21.760000,18.241419,6230700
2015-02-17,282,21.610001,21.790001,21.510000,21.600000,18.107288,5676200
2015-02-18,283,21.540001,21.969999,21.540001,21.940001,18.392313,4463900
2015-02-19,284,21.959999,21.959999,21.500000,21.610001,18.115675,3713900
2015-02-20,285,21.639999,21.740000,21.450001,21.730000,18.216267,2851100
2015-02-23,286,21.740000,21.809999,21.480000,21.680000,18.174355,2247800
2015-02-24,287,21.709999,22.139999,21.600000,22.040001,18.476145,3994200
2015-02-25,288,21.980000,21.990000,21.510000,21.570000,18.082140,4439000
2015-02-26,289,21.590000,21.690001,20.830000,21.020000,17.621075,6704800
2015-02-27,290,21.000000,21.040001,20.629999,20.790001,17.428265,6445100
2015-03-02,291,20.809999,20.870001,20.530001,20.690001,17.344435,5389800
2015-03-03,292,20.680000,20.910000,20.540001,20.780001,17.419882,4019800
2015-03-04,293,20.700001,20.879999,20.680000,20.740000,17.386347,3864100
2015-03-05,294,20.940001,21.120001,20.840000,20.959999,17.570778,4178100
2015-03-06,295,20.639999,20.879999,20.500000,20.650000,17.310904,5344800
2015-03-09,296,20.650000,20.879999,20.610001,20.730000,17.377966,4399700
2015-03-10,297,20.709999,20.830000,20.629999,20.639999,17.302521,5042100
2015-03-11,298,20.620001,20.700001,20.400000,20.459999,17.151623,3562000
2015-03-12,299,20.559999,20.820000,20.490000,20.740000,17.386347,3567600
2015-03-13,300,20.709999,20.750000,20.230000,20.540001,17.218693,3938600
2015-03-16,301,20.629999,20.950001,20.580000,20.700001,17.352819,4175200
2015-03-17,302,20.670000,20.790001,20.520000,20.700001,17.352819,3455300
2015-03-18,303,20.709999,21.469999,20.639999,21.350000,17.897711,2922000
2015-03-19,304,21.200001,21.260000,20.830000,20.840000,17.470181,4611200
2015-03-20,305,20.969999,21.260000,20.920000,21.170000,17.746819,5819000
2015-03-23,306,21.190001,21.290001,20.900000,20.910000,17.528860,3640800
2015-03-24,307,20.879999,21.120001,20.760000,20.790001,17.428265,2932000
2015-03-25,308,20.850000,20.930000,20.570000,20.580000,17.252222,2684700
2015-03-26,309,20.590000,20.730000,20.420000,20.420000,17.118093,3288300
2015-03-27,310,20.420000,20.660000,20.330000,20.620001,17.285753,3081600
2015-03-30,311,20.680000,20.870001,20.570000,20.629999,17.294138,3102100
2015-03-31,312,20.600000,20.740000,20.250000,20.410000,17.109711,5408300
2015-04-01,313,20.400000,20.830000,20.280001,20.780001,17.419882,3401000
2015-04-02,314,20.770000,20.850000,20.559999,20.719999,17.369583,3017900
2015-04-06,315,20.750000,21.100000,20.719999,21.059999,17.654610,2772900
2015-04-07,316,20.980000,21.070000,20.809999,20.870001,17.495331,2745200
2015-04-08,317,20.870001,20.930000,20.629999,20.690001,17.344435,4118100
2015-04-09,318,20.660000,20.700001,20.459999,20.520000,17.201923,3725200
2015-04-10,319,20.540001,20.879999,20.540001,20.760000,17.403118,1962900
2015-04-13,320,20.719999,20.740000,20.540001,20.559999,17.235455,2332800
2015-04-14,321,20.559999,20.750000,20.559999,20.719999,17.369583,1936600
2015-04-15,322,20.820000,21.480000,20.670000,21.309999,17.864183,6226300
2015-04-16,323,21.120001,21.129999,20.629999,20.860001,17.486944,5229500
2015-04-17,324,20.660000,21.100000,20.660000,20.900000,17.520477,3597700
2015-04-20,325,21.020000,21.230000,21.020000,21.120001,17.704905,1981400
2015-04-21,326,21.160000,21.240000,20.629999,20.660000,17.319284,4114700
2015-04-22,327,20.740000,20.990000,20.570000,20.830000,17.461796,2883600
2015-04-23,328,20.850000,21.000000,20.750000,20.969999,17.579159,2875500
2015-04-24,329,20.980000,21.139999,20.870001,21.049999,17.646223,3069700
2015-04-27,330,21.100000,21.100000,20.750000,20.809999,17.445032,3093900
2015-04-28,331,20.719999,21.080000,20.680000,21.010000,17.612692,2841400
2015-04-29,332,20.889999,21.129999,20.660000,21.129999,17.713287,3283900
2015-04-30,333,21.010000,21.049999,20.770000,20.969999,17.579159,4198000
2015-05-01,334,21.030001,21.139999,20.889999,21.059999,17.654610,2686700
2015-05-04,335,21.059999,21.290001,21.049999,21.110001,17.696524,2220400
2015-05-05,336,21.070000,21.150000,20.660000,20.700001,17.352819,3199700
2015-05-06,337,20.750000,20.790001,20.190001,20.360001,17.067797,4399700
2015-05-07,338,20.389999,20.469999,20.230000,20.299999,17.017500,3484700
2015-05-08,339,20.590000,20.719999,20.420000,20.719999,17.369583,3458400
2015-05-11,340,20.400000,20.840000,20.320000,20.500000,17.185156,3564600
2015-05-12,341,20.340000,20.350000,19.959999,20.040001,16.799538,7664900
2015-05-13,342,19.740000,19.959999,19.629999,19.840000,16.839855,6702900
2015-05-14,343,19.980000,20.270000,19.950001,20.200001,17.145418,4580400
2015-05-15,344,20.280001,20.440001,20.180000,20.389999,17.306684,4626800
2015-05-18,345,20.350000,20.500000,20.290001,20.420000,17.332151,4940000
2015-05-19,346,20.389999,20.459999,20.299999,20.389999,17.306684,2862500
2015-05-20,347,20.420000,20.610001,20.219999,20.530001,17.425518,4351700
2015-05-21,348,20.570000,20.639999,20.410000,20.510000,17.408546,2915400
2015-05-22,349,20.549999,20.549999,20.360001,20.440001,17.349131,2188600
2015-05-26,350,20.440001,20.480000,20.139999,20.270000,17.204834,2640900
2015-05-27,351,20.270000,20.320000,20.160000,20.240000,17.179373,2855300
2015-05-28,352,20.219999,20.389999,20.180000,20.379999,17.298201,2908500
2015-05-29,353,20.370001,20.510000,20.240000,20.370001,17.289715,3526700
2015-06-01,354,20.400000,20.420000,20.180000,20.219999,17.162394,3308600
2015-06-02,355,20.219999,20.219999,19.700001,19.730000,16.746494,5056000
2015-06-03,356,19.719999,19.760000,19.520000,19.620001,16.653126,4083500
2015-06-04,357,19.549999,19.740000,19.280001,19.299999,16.381514,4208000
2015-06-05,358,19.190001,19.450001,19.059999,19.320000,16.398489,4800100
2015-06-08,359,19.290001,19.400000,19.180000,19.180000,16.279663,3022500
2015-06-09,360,19.180000,19.320000,19.150000,19.290001,16.373026,3668200
2015-06-10,361,19.389999,19.600000,19.389999,19.389999,16.457903,3652300
2015-06-11,362,19.480000,19.590000,19.420000,19.490000,16.542782,2417700
2015-06-12,363,19.410000,19.490000,19.240000,19.260000,16.347567,1611200
2015-06-15,364,19.200001,19.250000,19.049999,19.129999,16.237219,3275400
2015-06-16,365,19.110001,19.180000,19.030001,19.080000,16.194780,3005500
2015-06-17,366,19.139999,19.430000,19.120001,19.389999,16.457903,3856400
2015-06-18,367,19.490000,19.730000,19.370001,19.670000,16.695564,3742600
2015-06-19,368,19.620001,19.709999,19.480000,19.520000,16.568247,3827500
2015-06-22,369,19.540001,19.820000,19.459999,19.709999,16.729513,4178900
2015-06-23,370,19.600000,19.719999,19.280001,19.340000,16.415464,2679600
2015-06-24,371,19.350000,19.469999,19.170000,19.170000,16.271173,4494800
2015-06-25,372,19.209999,19.320000,19.120001,19.160000,16.262682,4704300
2015-06-26,373,19.160000,19.370001,19.049999,19.350000,16.423956,3511600
2015-06-29,374,19.270000,19.530001,19.260000,19.260000,16.347567,4244400
2015-06-30,375,19.340000,19.360001,18.920000,19.030001,16.152346,6446600
2015-07-01,376,19.070000,19.170000,18.990000,19.080000,16.194780,3134400
2015-07-02,377,19.139999,19.360001,19.100000,19.350000,16.423956,3589000
2015-07-06,378,19.299999,19.400000,19.110001,19.219999,16.313616,4107200
2015-07-07,379,19.280001,19.660000,19.270000,19.600000,16.636150,5090600
2015-07-08,380,19.580000,19.600000,19.110001,19.219999,16.313616,4985000
2015-07-09,381,19.309999,19.480000,18.940001,18.950001,16.084438,7152700
2015-07-10,382,18.990000,19.290001,18.959999,19.120001,16.228733,2918900
2015-07-13,383,19.190001,19.270000,19.070000,19.170000,16.271173,2202100
2015-07-14,384,19.180000,19.299999,19.139999,19.260000,16.347567,2129400
2015-07-15,385,19.260000,19.280001,19.129999,19.270000,16.356050,1667300
2015-07-16,386,19.320000,19.410000,19.160000,19.240000,16.330591,5125300
2015-07-17,387,19.209999,19.299999,18.990000,19.000000,16.126881,3744000
2015-07-20,388,19.000000,19.010000,18.719999,18.750000,15.914680,3683800
2015-07-21,389,18.750000,18.809999,18.549999,18.590000,15.778879,2245600
2015-07-22,390,18.580000,18.820000,18.559999,18.620001,15.804340,2780600
2015-07-23,391,18.590000,18.629999,18.230000,18.340000,15.566682,3371300
2015-07-24,392,18.309999,18.420000,18.200001,18.290001,15.524243,2845800
2015-07-27,393,18.270000,18.700001,18.270000,18.680000,15.855268,3452800
2015-07-28,394,18.760000,18.959999,18.610001,18.889999,16.033512,4595200
2015-07-29,395,18.820000,19.170000,18.770000,19.080000,16.194780,3367200
2015-07-30,396,19.040001,19.200001,18.959999,19.139999,16.245708,2423300
2015-07-31,397,19.270000,19.469999,19.200001,19.340000,16.415464,3686000
2015-08-03,398,19.370001,19.450001,19.090000,19.219999,16.313616,2634700
2015-08-04,399,19.209999,19.440001,18.830000,18.860001,16.008055,2147600
2015-08-05,400,18.930000,19.190001,18.900000,19.040001,16.160831,2940000
2015-08-06,401,19.090000,19.110001,18.709999,19.080000,16.194780,4578300
2015-08-07,402,19.040001,19.260000,18.930000,19.139999,16.245708,4399200
2015-08-10,403,19.040001,19.590000,18.920000,19.530001,16.576733,4787900
2015-08-11,404,19.520000,19.660000,19.260000,19.360001,16.432440,4552900
2015-08-12,405,19.040001,19.629999,19.000000,19.590000,16.842981,4325700
2015-08-13,406,19.549999,19.700001,19.330000,19.639999,16.885973,5087300
2015-08-14,407,19.590000,19.930000,19.549999,19.920000,17.126709,3747500
2015-08-17,408,19.920000,20.000000,19.850000,19.920000,17.126709,3332000
2015-08-18,409,19.889999,19.959999,19.840000,19.910000,17.118111,2802700
2015-08-19,410,19.840000,19.950001,19.700001,19.900000,17.109514,3316100
2015-08-20,411,19.780001,20.100000,19.700001,19.820000,17.040728,4707700
2015-08-21,412,19.709999,19.820000,19.290001,19.309999,16.602247,4218600
2015-08-24,413,18.559999,19.070000,18.250000,18.490000,15.897231,7274400
2015-08-25,414,18.840000,18.930000,17.900000,17.920000,15.407164,5067800
2015-08-26,415,18.180000,18.240000,17.719999,18.230000,15.673687,5287800
2015-08-27,416,18.379999,18.770000,18.280001,18.750000,16.120770,4020700
2015-08-28,417,18.740000,18.870001,18.639999,18.820000,16.180958,3995500
2015-08-31,418,18.730000,18.750000,18.330000,18.620001,16.009001,5277900
2015-09-01,419,18.309999,18.320000,17.750000,17.840000,15.338378,4717400
2015-09-02,420,18.049999,18.070000,17.480000,17.719999,15.235208,5898100
2015-09-03,421,17.760000,18.070000,17.750000,17.940001,15.424357,3506400
2015-09-04,422,17.770000,17.790001,17.540001,17.610001,15.140632,3504700
2015-09-08,423,17.879999,18.010000,17.799999,17.980000,15.458747,2542500
2015-09-09,424,18.070000,18.090000,17.719999,17.750000,15.260998,3838600
2015-09-10,425,17.730000,18.010000,17.680000,17.730000,15.243801,3279300
2015-09-11,426,17.620001,17.760000,17.570000,17.690001,15.209414,3233500
2015-09-14,427,17.719999,17.860001,17.670000,17.809999,15.312584,2862600
2015-09-15,428,17.850000,17.910000,17.709999,17.870001,15.364173,3000000
2015-09-16,429,17.920000,18.170000,17.830000,18.139999,15.596313,1809800
2015-09-17,430,18.139999,18.570000,18.070000,18.280001,15.716680,2496400
2015-09-18,431,18.080000,18.350000,18.010000,18.049999,15.518928,4531100
2015-09-21,432,18.129999,18.340000,18.059999,18.190001,15.639300,2875200
2015-09-22,433,18.040001,18.160000,17.750000,17.820000,15.321184,3422000
2015-09-23,434,17.820000,17.950001,17.719999,17.750000,15.260998,3123500
2015-09-24,435,17.700001,17.920000,17.690001,17.820000,15.321184,5344800
2015-09-25,436,17.860001,18.049999,17.680000,17.889999,15.381367,6715400
2015-09-28,437,17.820000,17.920000,17.530001,17.540001,15.080444,6013700
2015-09-29,438,17.580000,17.660000,17.480000,17.530001,15.071851,5777900
2015-09-30,439,17.639999,18.049999,17.570000,18.040001,15.510335,3358300
2015-10-01,440,18.100000,18.139999,17.600000,17.770000,15.278191,3464600
2015-10-02,441,17.760000,18.030001,17.620001,18.030001,15.501738,4183100
2015-10-05,442,18.160000,18.580000,18.059999,18.549999,15.948816,3812200
2015-10-06,443,18.530001,18.650000,18.350000,18.490000,15.897231,3052900
2015-10-07,444,18.570000,18.820000,18.510000,18.570000,15.966015,4415000
2015-10-08,445,18.549999,18.809999,18.480000,18.740000,16.112175,3545500
2015-10-09,446,18.750000,18.809999,18.549999,18.670000,16.051992,2330500
2015-10-12,447,18.670000,18.840000,18.480000,18.540001,15.940220,2881700
2015-10-13,448,18.559999,18.620001,18.360001,18.389999,15.811254,4469300
2015-10-14,449,18.430000,18.459999,18.240000,18.260000,15.699484,3805400
2015-10-15,450,18.309999,18.719999,18.270000,18.660000,16.043392,4947500
2015-10-16,451,18.740000,18.850000,18.570000,18.700001,16.077784,3066100
2015-10-19,452,18.309999,18.530001,18.260000,18.480000,15.888633,5051100
2015-10-20,453,18.430000,18.680000,18.430000,18.590000,15.983209,3275200
2015-10-21,454,18.629999,18.930000,18.570000,18.770000,16.137970,4191700
2015-10-22,455,18.840000,19.260000,18.840000,19.129999,16.447485,5540200
2015-10-23,456,19.160000,19.250000,18.570000,18.620001,16.009001,3988200
2015-10-26,457,18.670000,18.790001,18.510000,18.770000,16.137970,4498200
2015-10-27,458,18.690001,18.760000,18.510000,18.590000,15.983209,4322900
2015-10-28,459,18.660000,18.760000,18.309999,18.530001,15.931622,4340600
2015-10-29,460,18.459999,18.590000,18.270000,18.530001,15.931622,5457300
2015-10-30,461,18.559999,18.650000,18.430000,18.549999,15.948816,5422200
2015-11-02,462,18.549999,18.610001,18.360001,18.500000,15.905829,5130400
2015-11-03,463,18.490000,18.730000,18.400000,18.730000,16.103579,4075300
2015-11-04,464,18.719999,18.809999,18.590000,18.680000,16.060589,4442600
2015-11-05,465,18.760000,18.900000,18.469999,18.510000,15.914426,5799800
2015-11-06,466,18.459999,18.730000,17.260000,17.459999,15.011662,10387300
2015-11-09,467,17.430000,17.570000,17.270000,17.500000,15.046056,6192500
2015-11-10,468,17.250000,17.430000,17.080000,17.129999,14.939221,3397200
2015-11-11,469,17.170000,17.389999,17.010000,17.330000,15.113646,5128900
2015-11-12,470,17.209999,17.379999,16.900000,16.910000,14.747356,3381900
2015-11-13,471,16.900000,17.040001,16.860001,16.959999,14.790961,3838200
2015-11-16,472,16.930000,17.240000,16.879999,17.230000,15.026430,3017200
2015-11-17,473,17.209999,17.320000,17.010000,17.070000,14.886893,3482600
2015-11-18,474,17.030001,17.180000,16.870001,17.160000,14.965384,3038400
2015-11-19,475,17.160000,17.290001,17.049999,17.100000,14.913059,2664900
2015-11-20,476,17.170000,17.320000,16.990000,17.090000,14.904338,3251000
2015-11-23,477,17.100000,17.219999,16.959999,17.000000,14.825847,4644100
2015-11-24,478,16.980000,17.100000,16.850000,17.059999,14.878174,4707000
2015-11-25,479,17.059999,17.150000,16.920000,17.080000,14.895616,3043800
2015-11-27,480,17.070000,17.160000,17.000000,17.000000,14.825847,1181200
2015-11-30,481,17.010000,17.090000,16.940001,16.950001,14.782243,4070000
2015-12-01,482,17.010000,17.150000,16.840000,16.990000,14.817125,4259500
2015-12-02,483,16.940001,17.000000,16.570000,16.600000,14.477008,5754900
2015-12-03,484,16.520000,16.629999,16.350000,16.450001,14.346188,4726900
2015-12-04,485,16.480000,16.629999,16.370001,16.510000,14.398513,4627200
2015-12-07,486,16.459999,16.500000,16.209999,16.410000,14.311303,3844800
2015-12-08,487,16.290001,16.379999,16.150000,16.340000,14.250256,3236300
2015-12-09,488,16.330000,16.639999,16.260000,16.410000,14.311303,2873100
2015-12-10,489,16.410000,16.530001,16.070000,16.139999,14.075835,5302700
2015-12-11,490,16.139999,17.469999,16.049999,16.690001,14.555493,20470300
2015-12-14,491,16.670000,16.840000,16.299999,16.540001,14.424675,5552300
2015-12-15,492,16.610001,16.959999,16.590000,16.889999,14.729915,4938000
2015-12-16,493,16.950001,17.629999,16.930000,17.600000,15.349113,7606300
2015-12-17,494,17.629999,17.889999,17.440001,17.840000,15.558419,10916700
2015-12-18,495,17.730000,17.809999,17.410000,17.430000,15.200851,8626900
2015-12-21,496,17.459999,17.540001,17.260000,17.530001,15.288068,4986900
2015-12-22,497,17.549999,17.709999,17.260000,17.590000,15.340392,9141400
2015-12-23,498,17.680000,18.139999,17.680000,18.049999,15.741561,8384000
2015-12-24,499,18.049999,18.219999,17.980000,18.110001,15.793888,3405300
2015-12-28,500,18.040001,18.209999,17.900000,18.180000,15.854934,4482900
2015-12-29,501,18.330000,18.480000,18.240000,18.459999,16.099127,4442500
2015-12-30,502,18.400000,18.480000,18.219999,18.299999,15.959586,3638600
2015-12-31,503,18.290001,18.480000,18.059999,18.360001,16.011915,4090500
2016-01-04,504,18.260000,18.290001,17.950001,18.270000,15.933426,5118100
2016-01-05,505,18.309999,18.490000,18.040001,18.440001,16.081682,4854700
2016-01-06,506,18.280001,18.450001,18.100000,18.209999,15.881098,4372800
2016-01-07,507,17.980000,18.110001,17.780001,17.850000,15.567141,3701400
2016-01-08,508,17.940001,18.240000,17.770000,17.809999,15.532256,4660200
2016-01-11,509,17.709999,17.879999,17.440001,17.600000,15.349113,6813900
2016-01-12,510,17.639999,17.690001,17.129999,17.299999,15.087481,5609100
2016-01-13,511,17.320000,17.510000,17.030001,17.070000,14.886893,7041800
2016-01-14,512,17.110001,17.709999,16.940001,17.629999,15.375277,6195400
2016-01-15,513,17.290001,17.430000,17.010000,17.299999,15.087481,6491900
2016-01-19,514,17.430000,17.530001,17.320000,17.500000,15.261904,4798000
2016-01-20,515,17.270000,17.440001,16.379999,16.900000,14.738635,8473300
2016-01-21,516,16.950001,17.610001,16.900000,17.430000,15.200851,9739900
2016-01-22,517,17.770000,17.870001,17.610001,17.780001,15.506093,6390700
2016-01-25,518,17.690001,17.809999,17.020000,17.100000,14.913059,4858100
2016-01-26,519,17.200001,17.480000,17.200001,17.370001,15.148526,3544900
2016-01-27,520,17.350000,17.450001,17.170000,17.309999,15.096202,3908800
2016-01-28,521,17.500000,17.680000,17.260000,17.540001,15.296790,4402600
2016-01-29,522,17.700001,17.940001,17.680000,17.870001,15.584584,5865900
2016-02-01,523,18.250000,18.799999,18.240000,18.620001,16.238667,10143200
2016-02-02,524,18.520000,18.610001,18.209999,18.420000,16.064240,5600800
2016-02-03,525,18.549999,19.270000,18.540001,19.049999,16.613672,6606100
2016-02-04,526,19.059999,19.240000,18.910000,18.950001,16.526459,4162300
2016-02-05,527,19.040001,19.040001,18.660000,18.850000,16.439247,6012200
2016-02-08,528,18.870001,19.059999,18.280001,18.430000,16.072962,8203300
2016-02-09,529,18.430000,18.730000,18.320000,18.549999,16.177618,5951100
2016-02-10,530,18.590000,18.719999,18.120001,18.510000,16.142731,6144800
2016-02-11,531,18.100000,18.270000,17.520000,17.650000,15.609874,6796100
2016-02-12,532,17.690001,17.990000,17.549999,17.969999,15.892884,7357400
2016-02-16,533,18.080000,18.209999,17.799999,18.100000,16.007858,6571600
2016-02-17,534,18.260000,18.469999,18.040001,18.340000,16.220116,4172400
2016-02-18,535,18.379999,18.660000,18.299999,18.559999,16.414688,3643900
2016-02-19,536,18.430000,18.490000,18.299999,18.440001,16.308558,2863500
2016-02-22,537,18.570000,18.850000,18.490000,18.639999,16.485441,5069500
2016-02-23,538,18.469999,18.590000,18.389999,18.580000,16.432377,3282100
2016-02-24,539,18.410000,18.889999,18.360001,18.860001,16.680016,3920000
2016-02-25,540,18.900000,19.170000,18.730000,19.139999,16.927645,5659000
2016-02-26,541,18.750000,18.980000,18.400000,18.530001,16.388157,6866900
2016-02-29,542,18.500000,18.820000,18.500000,18.629999,16.476599,5603900
2016-03-01,543,18.799999,18.930000,18.600000,18.670000,16.511972,4188800
2016-03-02,544,18.570000,18.879999,18.320000,18.820000,16.644634,5520500
2016-03-03,545,18.840000,18.870001,18.480000,18.780001,16.609261,4529100
2016-03-04,546,18.719999,19.650000,18.700001,19.490000,17.237196,7060400
2016-03-07,547,19.410000,19.870001,19.350000,19.690001,17.414072,6150500
2016-03-08,548,19.680000,19.900000,19.510000,19.860001,17.564423,3918500
2016-03-09,549,19.870001,20.170000,19.830000,19.950001,17.644022,5377300
2016-03-10,550,19.930000,20.309999,19.840000,20.190001,17.856277,6677100
2016-03-11,551,20.340000,20.459999,20.150000,20.280001,17.935877,3223300
2016-03-14,552,20.260000,20.549999,20.219999,20.430000,18.068539,3783400
2016-03-15,553,20.309999,20.580000,20.260000,20.510000,18.139294,5307400
2016-03-16,554,20.400000,20.709999,20.320000,20.629999,18.245420,3559100
2016-03-17,555,20.670000,21.170000,20.670000,21.070000,18.634562,4062700
2016-03-18,556,21.129999,21.219999,20.719999,20.730000,18.333862,7773400
2016-03-21,557,20.690001,20.980000,20.559999,20.950001,18.528435,3092400
2016-03-22,558,20.980000,21.049999,20.840000,20.969999,18.546120,2698600
2016-03-23,559,20.920000,21.020000,20.790001,20.940001,18.519590,3025600
2016-03-24,560,20.840000,21.080000,20.719999,21.000000,18.572655,2021200
2016-03-28,561,21.059999,21.080000,20.700001,20.790001,18.386927,2826400
2016-03-29,562,20.790001,21.290001,20.740000,21.250000,18.793756,3214800
2016-03-30,563,21.309999,21.389999,20.650000,20.850000,18.439993,7644600
2016-03-31,564,20.900000,21.059999,20.770000,20.920000,18.501900,6063300
2016-04-01,565,20.840000,21.260000,20.730000,21.200001,18.749535,4669700
2016-04-04,566,21.180000,21.190001,20.910000,20.959999,18.537279,3055000
2016-04-05,567,20.889999,20.969999,20.500000,20.510000,18.139294,3407400
2016-04-06,568,20.530001,20.740000,20.469999,20.719999,18.325018,3745500
2016-04-07,569,20.610001,20.850000,20.610001,20.730000,18.333862,3196200
2016-04-08,570,20.900000,21.010000,20.820000,20.910000,18.493057,3524000
2016-04-11,571,20.950001,21.150000,20.799999,20.860001,18.448841,2329100
2016-04-12,572,20.900000,21.360001,20.889999,21.260000,18.802601,3008800
2016-04-13,573,21.330000,21.360001,21.100000,21.200001,18.749535,2396600
2016-04-14,574,21.180000,21.230000,20.900000,20.959999,18.537279,2604700
2016-04-15,575,20.950001,21.059999,20.900000,20.990000,18.563810,2740700
2016-04-18,576,20.900000,21.030001,20.760000,21.020000,18.590343,3952900
2016-04-19,577,21.100000,21.170000,20.910000,21.000000,18.572655,4859500
2016-04-20,578,20.980000,21.049999,20.549999,20.580000,18.201199,3448800
2016-04-21,579,20.600000,20.750000,20.459999,20.549999,18.174667,4541900
2016-04-22,580,20.670000,20.930000,20.660000,20.809999,18.404613,2565600
2016-04-25,581,20.760000,21.070000,20.650000,21.059999,18.625715,3855700
2016-04-26,582,21.090000,21.219999,20.969999,21.100000,18.661097,3080100
2016-04-27,583,21.139999,21.510000,21.139999,21.430000,18.952951,3577800
2016-04-28,584,21.270000,21.510000,21.150000,21.360001,18.891045,3039800
2016-04-29,585,21.240000,21.500000,21.090000,21.450001,18.970640,4204000
2016-05-02,586,21.459999,21.750000,21.440001,21.700001,19.191746,4366700
2016-05-03,587,21.590000,21.660000,21.320000,21.440001,18.961796,2559000
2016-05-04,588,21.420000,21.840000,21.320000,21.680000,19.174055,3601000
2016-05-05,589,21.690001,21.889999,21.549999,21.650000,19.147524,3166200
2016-05-06,590,21.629999,21.700001,21.459999,21.629999,19.129831,2182100
2016-05-09,591,21.740000,21.840000,21.650000,21.680000,19.174055,3982700
2016-05-10,592,21.709999,22.120001,21.709999,22.100000,19.545506,5939100
2016-05-11,593,22.139999,22.299999,21.950001,22.010000,19.465914,6124400
2016-05-12,594,21.750000,22.170000,21.719999,22.110001,19.785830,4730000
2016-05-13,595,22.070000,22.250000,21.910000,22.000000,19.687393,3532400
2016-05-16,596,22.030001,22.250000,21.889999,22.240000,19.902163,3818800
2016-05-17,597,22.190001,22.250000,21.870001,22.000000,19.687393,4290000
2016-05-18,598,21.879999,21.920000,21.400000,21.530001,19.266798,5178900
2016-05-19,599,21.400000,21.910000,21.250000,21.889999,19.588953,3391200
2016-05-20,600,21.969999,22.070000,21.809999,22.070000,19.750034,2592700
2016-05-23,601,22.080000,22.139999,21.940001,21.980000,19.669495,3231700
2016-05-24,602,22.020000,22.150000,21.879999,22.030001,19.714239,2923500
2016-05-25,603,22.030001,22.190001,21.940001,22.120001,19.794779,2492900
2016-05-26,604,22.120001,22.360001,22.020000,22.350000,20.000603,2469700
2016-05-27,605,22.379999,22.510000,22.260000,22.510000,20.143785,3541900
2016-05-31,606,22.490000,22.730000,22.400000,22.530001,20.161682,3771200
2016-06-01,607,22.530001,22.590000,22.350000,22.590000,20.215372,2324200
2016-06-02,608,22.459999,22.629999,22.350000,22.600000,20.224321,1892100
2016-06-03,609,22.750000,23.000000,22.700001,22.910000,20.501736,2809900
2016-06-06,610,22.910000,23.129999,22.840000,23.070000,20.644915,3501500
2016-06-07,611,23.170000,23.219999,23.030001,23.110001,20.680710,3783300
2016-06-08,612,23.129999,23.260000,23.090000,23.260000,20.814945,2915600
2016-06-09,613,23.240000,23.420000,23.150000,23.389999,20.931278,2968400
2016-06-10,614,23.280001,23.350000,23.020000,23.139999,20.707556,3069800
2016-06-13,615,23.070000,23.209999,22.930000,22.969999,20.555426,3358100
2016-06-14,616,22.990000,23.080000,22.840000,23.070000,20.644915,2549600
2016-06-15,617,23.080000,23.150000,22.860001,22.950001,20.537531,4216000
2016-06-16,618,22.920000,23.100000,22.719999,23.040001,20.618073,2692900
2016-06-17,619,22.950001,23.129999,22.879999,23.100000,20.671764,4244100
2016-06-20,620,23.230000,23.290001,23.020000,23.219999,20.779144,4082600
2016-06-21,621,23.230000,23.670000,23.100000,23.500000,21.029716,3439200
2016-06-22,622,23.360001,23.490000,23.209999,23.240000,20.797045,3749600
2016-06-23,623,23.340000,23.500000,23.209999,23.490000,21.020767,2829600
2016-06-24,624,23.129999,23.520000,22.959999,23.340000,20.886536,3324700
2016-06-27,625,23.270000,23.420000,23.040001,23.170000,20.734407,3554300
2016-06-28,626,23.350000,23.620001,23.150000,23.620001,21.137098,4954200
2016-06-29,627,23.730000,24.030001,23.680000,24.000000,21.477156,4266800
2016-06-30,628,24.030001,24.110001,23.850000,24.000000,21.477156,8554300
2016-07-01,629,24.080000,24.200001,23.930000,24.049999,21.521898,3579300
2016-07-05,630,23.820000,24.120001,23.700001,24.049999,21.521898,7099300
2016-07-06,631,24.000000,24.110001,23.790001,24.049999,21.521898,5879800
2016-07-07,632,24.000000,24.049999,23.490000,23.520000,21.047613,8351000
2016-07-08,633,23.549999,23.910000,23.430000,23.900000,21.387667,4040900
2016-07-11,634,23.820000,23.889999,23.660000,23.809999,21.307127,3499200
2016-07-12,635,23.760000,23.870001,23.660000,23.700001,21.208693,4811600
2016-07-13,636,23.860001,23.959999,23.719999,23.940001,21.423462,6518200
2016-07-14,637,23.840000,23.920000,23.549999,23.660000,21.172897,3415300
2016-07-15,638,23.740000,24.110001,23.680000,24.059999,21.530849,4717800
2016-07-18,639,24.090000,24.139999,23.870001,23.950001,21.432413,3871800
2016-07-19,640,23.950001,24.020000,23.820000,23.920000,21.405563,4065300
2016-07-20,641,23.930000,24.160000,23.850000,24.120001,21.584543,5258600
2016-07-21,642,24.070000,24.270000,24.000000,24.240000,21.691925,3335400
2016-07-22,643,24.219999,24.709999,24.209999,24.690001,22.094625,4146100
2016-07-25,644,24.650000,24.690001,24.370001,24.510000,21.933544,3452600
2016-07-26,645,24.530001,24.570000,24.260000,24.320000,21.763515,2983900
2016-07-27,646,24.320000,24.360001,23.740000,23.900000,21.387667,5274900
2016-07-28,647,23.889999,23.950001,23.650000,23.770000,21.271332,5025000
2016-07-29,648,23.780001,23.969999,23.750000,23.920000,21.405563,5192600
2016-08-01,649,23.889999,24.010000,23.629999,23.670000,21.181845,3536600
2016-08-02,650,23.620001,23.670000,23.360001,23.469999,21.002869,5490100
2016-08-03,651,23.459999,23.590000,23.290001,23.500000,21.029716,2869200
2016-08-04,652,23.520000,23.670000,23.440001,23.600000,21.119204,5560400
2016-08-05,653,23.600000,23.600000,22.180000,22.670000,20.286961,12014600
2016-08-08,654,22.600000,22.860001,22.510000,22.709999,20.322760,17377800
2016-08-09,655,22.680000,22.870001,22.639999,22.700001,20.313812,6491900
2016-08-10,656,22.719999,22.870001,22.549999,22.660000,20.278013,4436500
2016-08-11,657,22.670000,22.700001,22.500000,22.700001,20.313812,6778500
2016-08-12,658,22.500000,22.730000,22.469999,22.570000,20.429214,3926700
2016-08-15,659,22.620001,22.740000,22.430000,22.450001,20.320599,5462300
2016-08-16,660,22.450001,22.450001,22.020000,22.129999,20.030949,7132000
2016-08-17,661,22.049999,22.670000,21.969999,22.590000,20.447319,6759800
2016-08-18,662,22.559999,22.860001,22.490000,22.820000,20.655504,5187300
2016-08-19,663,22.740000,22.950001,22.629999,22.830000,20.664557,5258700
2016-08-22,664,22.830000,23.020000,22.770000,22.940001,20.764122,3355600
2016-08-23,665,23.000000,23.110001,22.840000,22.850000,20.682657,2243700
2016-08-24,666,22.809999,22.860001,22.650000,22.760000,20.601196,4070100
2016-08-25,667,22.780001,22.830000,22.650000,22.709999,20.555939,1842700
2016-08-26,668,22.790001,22.900000,22.290001,22.320000,20.202927,2242400
2016-08-29,669,22.360001,22.709999,22.360001,22.670000,20.519732,2732900
2016-08-30,670,22.639999,22.700001,22.430000,22.469999,20.338701,1723600
2016-08-31,671,22.469999,22.559999,22.330000,22.469999,20.338701,2325900
2016-09-01,672,22.410000,22.549999,22.330000,22.440001,20.311546,2641800
2016-09-02,673,22.459999,22.809999,22.420000,22.629999,20.483526,3180800
2016-09-06,674,22.780001,22.959999,22.680000,22.799999,20.637398,5097300
2016-09-07,675,22.780001,23.360001,22.700001,23.290001,21.080925,5334100
2016-09-08,676,23.250000,23.660000,23.219999,23.639999,21.397724,3987700
2016-09-09,677,23.360001,23.400000,22.610001,22.610001,20.465422,5075000
2016-09-12,678,22.510000,23.020000,22.379999,22.950001,20.773172,4185100
2016-09-13,679,22.860001,22.870001,22.320000,22.440001,20.311546,3604300
2016-09-14,680,22.510000,22.680000,22.270000,22.430000,20.302494,2932000
2016-09-15,681,22.430000,22.709999,22.379999,22.650000,20.501629,2497000
2016-09-16,682,22.629999,23.100000,22.510000,23.049999,20.863686,5743400
2016-09-19,683,23.139999,23.320000,23.049999,23.299999,21.089975,2061900
2016-09-20,684,23.450001,23.580000,23.410000,23.469999,21.243851,2934700
2016-09-21,685,23.500000,24.080000,23.450001,24.020000,21.741684,3073500
2016-09-22,686,24.200001,24.389999,24.040001,24.110001,21.823145,3959700
2016-09-23,687,24.059999,24.230000,24.010000,24.190001,21.895559,3008600
2016-09-26,688,24.219999,24.370001,24.129999,24.260000,21.958920,1913200
2016-09-27,689,24.320000,24.430000,23.870001,23.879999,21.614962,3285000
2016-09-28,690,23.950001,24.139999,23.780001,24.120001,21.832199,3150200
2016-09-29,691,24.020000,24.120001,23.490000,23.580000,21.343418,3571300
2016-09-30,692,23.660000,23.770000,23.129999,23.230000,21.026615,5115800
2016-10-03,693,23.180000,23.180000,22.660000,22.900000,20.727915,2697100
2016-10-04,694,22.889999,22.930000,22.190001,22.360001,20.239140,2772200
2016-10-05,695,22.430000,22.590000,22.280001,22.350000,20.230083,3477300
2016-10-06,696,22.230000,22.490000,22.100000,22.299999,20.184826,3201500
2016-10-07,697,22.440001,22.629999,21.889999,21.900000,19.822765,5147400
2016-10-10,698,21.900000,22.299999,21.900000,22.180000,20.076208,2946200
2016-10-11,699,22.100000,22.110001,21.830000,21.840000,19.768456,2752200
2016-10-12,700,21.889999,22.129999,21.879999,22.080000,19.985695,2449200
2016-10-13,701,22.059999,22.520000,22.000000,22.340000,20.221035,2896000
2016-10-14,702,22.320000,22.530001,22.240000,22.370001,20.248186,2499200
2016-10-17,703,22.410000,22.540001,22.350000,22.430000,20.302494,1642000
2016-10-18,704,22.559999,22.600000,22.260000,22.510000,20.374908,1379100
2016-10-19,705,22.549999,22.690001,22.379999,22.629999,20.483526,2463500
2016-10-20,706,22.610001,22.790001,22.540001,22.660000,20.510677,2790600
2016-10-21,707,22.530001,22.770000,22.440001,22.719999,20.564983,2541300
2016-10-24,708,22.820000,22.820000,22.430000,22.549999,20.411112,1819700
2016-10-25,709,22.480000,22.790001,22.350000,22.670000,20.519732,1784400
2016-10-26,710,22.610001,22.690001,22.350000,22.660000,20.510677,2204400
2016-10-27,711,22.590000,22.600000,22.180000,22.570000,20.429214,3836000
2016-10-28,712,22.580000,22.750000,22.420000,22.530001,20.393015,2193300
2016-10-31,713,22.610001,23.120001,22.600000,22.799999,20.637398,4297800
2016-11-01,714,22.830000,22.910000,22.469999,22.500000,20.365856,4955000
2016-11-02,715,22.450001,22.450001,21.910000,22.110001,20.012848,3376200
2016-11-03,716,22.049999,22.580000,22.020000,22.540001,20.402061,3823700
2016-11-04,717,23.010000,23.590000,22.850000,22.930000,20.755072,5814100
2016-11-07,718,23.299999,23.660000,22.900000,23.620001,21.379623,4580800
2016-11-08,719,23.410000,23.860001,23.400000,23.700001,21.452034,3399000
2016-11-09,720,22.950001,23.469999,22.910000,23.209999,21.008511,6024300
2016-11-10,721,23.120001,23.230000,22.420000,23.120001,20.927048,5916900
2016-11-11,722,23.100000,23.299999,22.770000,22.920000,20.746017,3435800
2016-11-14,723,22.540001,23.110001,22.320000,22.959999,21.018356,5033100
2016-11-15,724,23.090000,23.580000,23.049999,23.270000,21.302143,3427600
2016-11-16,725,23.299999,23.389999,22.950001,23.219999,21.256372,2636700
2016-11-17,726,23.139999,23.350000,23.139999,23.219999,21.256372,2410200
2016-11-18,727,23.260000,23.490000,23.240000,23.340000,21.366224,3979800
2016-11-21,728,23.469999,23.650000,23.420000,23.520000,21.531004,2294300
2016-11-22,729,23.580000,23.750000,23.500000,23.620001,21.622547,2525500
2016-11-23,730,23.360001,23.730000,23.360001,23.610001,21.613394,2492900
2016-11-25,731,23.639999,23.969999,23.639999,23.950001,21.924639,1219400
2016-11-28,732,24.000000,24.240000,23.870001,24.170000,22.126038,2567900
2016-11-29,733,24.010000,24.420000,23.860001,24.090000,22.052799,3963200
2016-11-30,734,24.150000,24.160000,23.860001,23.860001,21.842251,4935700
2016-12-01,735,23.799999,23.879999,23.570000,23.799999,21.787321,3532800
2016-12-02,736,23.980000,24.190001,23.870001,24.100000,22.061953,4181500
2016-12-05,737,24.049999,24.110001,23.820000,23.980000,21.952101,3686700
2016-12-06,738,24.059999,24.160000,23.740000,23.780001,21.769018,2609100
2016-12-07,739,23.840000,24.090000,23.820000,24.090000,22.052799,3910900
2016-12-08,740,23.910000,24.129999,23.750000,24.049999,22.016182,4739700
2016-12-09,741,24.010000,24.469999,23.959999,24.430000,22.364050,4378600
2016-12-12,742,24.379999,24.600000,24.320000,24.510000,22.437283,3196500
2016-12-13,743,24.639999,24.740000,24.469999,24.580000,22.501362,3741100
2016-12-14,744,24.719999,24.850000,24.129999,24.180000,22.135187,5227400
2016-12-15,745,24.129999,24.410000,23.950001,24.309999,22.254194,6275900
2016-12-16,746,24.170000,24.430000,24.129999,24.290001,22.235889,12324800
2016-12-19,747,24.480000,24.540001,24.280001,24.459999,22.391508,4417400
2016-12-20,748,24.500000,24.930000,24.459999,24.660000,22.574596,4508000
2016-12-21,749,24.680000,24.980000,24.639999,24.650000,22.565441,3527600
2016-12-22,750,24.670000,24.910000,24.620001,24.840000,22.739376,2292900
2016-12-23,751,24.840000,24.889999,24.730000,24.830000,22.730221,1767700
2016-12-27,752,24.770000,24.840000,24.639999,24.760000,22.666140,1190700
2016-12-28,753,24.770000,24.809999,24.410000,24.440001,22.373201,1722300
2016-12-29,754,24.520000,24.780001,24.480000,24.730000,22.638676,1629100
2016-12-30,755,24.799999,24.830000,24.590000,24.639999,22.556288,2036500
2017-01-03,756,24.719999,24.740000,24.450001,24.590000,22.510517,2246400
2017-01-04,757,24.700001,25.120001,24.700001,24.809999,22.711912,3758700
2017-01-05,758,24.790001,25.000000,24.629999,24.809999,22.711912,3079600
2017-01-06,759,24.799999,25.450001,24.790001,25.360001,23.215401,3202300
2017-01-09,760,25.410000,25.450001,24.879999,24.879999,22.775993,2497700
2017-01-10,761,24.860001,25.080000,24.740000,24.950001,22.840073,2923500
2017-01-11,762,24.920000,25.459999,24.920000,25.420000,23.270327,2703000
2017-01-12,763,25.410000,25.469999,25.170000,25.330000,23.187937,2354600
2017-01-13,764,25.270000,25.459999,25.250000,25.420000,23.270327,3594300
2017-01-17,765,25.480000,25.750000,25.389999,25.490000,23.334406,2603500
2017-01-18,766,25.440001,25.809999,25.420000,25.680000,23.508341,2759300
2017-01-19,767,25.600000,25.639999,25.309999,25.440001,23.288635,2460600
2017-01-20,768,25.490000,25.600000,25.379999,25.600000,23.435102,2922900
2017-01-23,769,25.610001,25.670000,25.330000,25.440001,23.288635,1844800
2017-01-24,770,25.510000,25.770000,25.379999,25.620001,23.453415,3809500
2017-01-25,771,25.559999,26.059999,25.549999,25.950001,23.755507,4044700
2017-01-26,772,25.969999,26.049999,25.740000,25.990000,23.792124,3078700
2017-01-27,773,26.000000,26.059999,25.860001,26.059999,23.856205,3104600
2017-01-30,774,26.059999,26.059999,25.590000,25.830000,23.645657,2448500
2017-01-31,775,25.870001,26.230000,25.770000,26.209999,23.993517,4814200
2017-02-01,776,26.090000,26.250000,25.790001,25.930000,23.737196,3624700
2017-02-02,777,25.910000,26.209999,25.780001,26.190001,23.975210,3369700
2017-02-03,778,26.250000,26.360001,26.180000,26.299999,24.075909,2056700
2017-02-06,779,26.389999,26.430000,26.030001,26.090000,23.883667,2696900
2017-02-07,780,26.110001,26.219999,26.080000,26.170000,23.956902,1937500
2017-02-08,781,26.100000,26.450001,26.040001,26.420000,24.185760,2140600
2017-02-09,782,26.379999,26.570000,26.309999,26.469999,24.231531,2441500
2017-02-10,783,26.459999,26.590000,26.410000,26.490000,24.249840,2013400
2017-02-13,784,26.480000,26.690001,26.459999,26.670000,24.414618,4105900
2017-02-14,785,26.320000,26.469999,25.900000,26.049999,24.088657,2620400
2017-02-15,786,25.860001,26.100000,25.760000,26.070000,24.107153,4074200
2017-02-16,787,26.040001,26.389999,26.010000,26.370001,24.384567,1927700
2017-02-17,788,26.410000,26.520000,26.190001,26.510000,24.514025,2342200
2017-02-21,789,26.469999,26.700001,26.389999,26.610001,24.606493,2217200
2017-02-22,790,26.600000,26.650000,26.410000,26.570000,24.569506,2071200
2017-02-23,791,26.680000,26.980000,26.639999,26.840000,24.819178,3625800
2017-02-24,792,26.860001,27.020000,26.740000,27.020000,24.985626,2578200
2017-02-27,793,26.990000,27.030001,26.770000,26.790001,24.772942,3093900
2017-02-28,794,25.910000,27.430000,25.510000,27.320000,25.263041,4792700
2017-03-01,795,27.190001,27.850000,27.049999,27.700001,25.614428,3461700
2017-03-02,796,27.559999,27.959999,27.540001,27.770000,25.679157,2950100
2017-03-03,797,27.790001,27.920000,27.590000,27.900000,25.799370,3263100
2017-03-06,798,27.900000,27.969999,27.750000,27.959999,25.854851,2489000
2017-03-07,799,28.000000,28.080000,27.790001,28.000000,25.891840,3184600
2017-03-08,800,27.830000,27.850000,27.370001,27.440001,25.374004,2920100
2017-03-09,801,27.450001,27.650000,27.299999,27.370001,25.309277,2603500
2017-03-10,802,27.500000,27.740000,27.440001,27.709999,25.623672,3190200
2017-03-13,803,27.690001,27.780001,27.549999,27.610001,25.531204,2364900
2017-03-14,804,27.549999,27.600000,27.350000,27.500000,25.429483,2635200
2017-03-15,805,27.670000,28.180000,27.600000,28.090000,25.975063,2624300
2017-03-16,806,27.750000,27.969999,27.459999,27.590000,25.512711,4063900
2017-03-17,807,27.629999,27.820000,27.580000,27.680000,25.595932,6295600
2017-03-20,808,27.760000,27.820000,27.420000,27.450001,25.383253,2933000
2017-03-21,809,27.450001,27.790001,27.450001,27.580000,25.503462,6466000
2017-03-22,810,27.719999,27.950001,27.510000,27.879999,25.780872,4599500
2017-03-23,811,27.910000,28.090000,27.660000,27.750000,25.660662,2982300
2017-03-24,812,27.799999,27.910000,27.700001,27.870001,25.771629,2125700
2017-03-27,813,27.940001,28.040001,27.590000,27.690001,25.605183,2004000
2017-03-28,814,27.650000,27.719999,27.459999,27.690001,25.605183,2801400
2017-03-29,815,27.719999,28.000000,27.580000,27.850000,25.753136,3482600
2017-03-30,816,27.790001,27.850000,27.379999,27.510000,25.438732,2028000
2017-03-31,817,27.459999,27.750000,27.440001,27.570000,25.494217,2643800
2017-04-03,818,27.549999,27.559999,27.299999,27.549999,25.475721,2247700
2017-04-04,819,27.540001,27.820000,27.490000,27.770000,25.679157,2132100
2017-04-05,820,27.760000,27.910000,27.670000,27.840000,25.743887,2323900
2017-04-06,821,27.770000,27.930000,27.650000,27.900000,25.799370,2909800
2017-04-07,822,27.959999,28.170000,27.830000,27.900000,25.799370,5284900
2017-04-10,823,27.889999,28.070000,27.730000,28.000000,25.891840,2995100
2017-04-11,824,27.969999,28.000000,27.760000,27.910000,25.808617,2883200
2017-04-12,825,27.930000,28.120001,27.740000,28.040001,25.928829,2092200
2017-04-13,826,28.010000,28.190001,27.870001,27.940001,25.836357,1960000
2017-04-17,827,27.980000,28.240000,27.940001,28.240000,26.113768,1895500
2017-04-18,828,28.260000,28.459999,28.230000,28.299999,26.169252,3478500
2017-04-19,829,28.340000,28.400000,27.879999,27.969999,25.864098,2106800
2017-04-20,830,27.969999,27.969999,27.680000,27.900000,25.799370,1938700
2017-04-21,831,27.969999,28.240000,27.969999,28.120001,26.002806,3182800
2017-04-24,832,28.200001,28.389999,28.010000,28.320000,26.187746,2544300
2017-04-25,833,28.240000,28.410000,28.219999,28.389999,26.252478,2443300
2017-04-26,834,28.370001,28.490000,28.219999,28.330000,26.196993,2352100
2017-04-27,835,28.350000,28.860001,28.340000,28.639999,26.483654,3379400
2017-04-28,836,28.620001,28.680000,28.440001,28.530001,26.381937,2266400
2017-05-01,837,28.580000,28.590000,28.250000,28.309999,26.178499,1931700
2017-05-02,838,28.350000,28.440001,28.100000,28.190001,26.067535,2109600
2017-05-03,839,28.139999,28.280001,28.059999,28.100000,25.984312,1748300
2017-05-04,840,28.070000,28.080000,27.760000,27.980000,25.873348,2826400
2017-05-05,841,28.090000,28.250000,27.709999,28.049999,25.938076,3052000
2017-05-08,842,28.040001,28.120001,27.709999,27.870001,25.771629,3171600
2017-05-09,843,27.799999,27.850000,27.330000,27.450001,25.383253,2725500
2017-05-10,844,27.440001,27.660000,27.370001,27.540001,25.466475,4105200
2017-05-11,845,27.559999,27.580000,27.299999,27.420000,25.355509,2328300
2017-05-12,846,27.280001,27.410000,27.219999,27.290001,25.483912,2221700
2017-05-15,847,27.309999,27.459999,27.290001,27.420000,25.605307,2732100
2017-05-16,848,27.420000,27.490000,27.170000,27.190001,25.390530,2163300
2017-05-17,849,27.190001,27.320000,26.900000,27.170000,25.371849,2852000
2017-05-18,850,27.180000,27.340000,26.870001,27.209999,25.409204,2542100
2017-05-19,851,27.260000,27.549999,27.049999,27.480000,25.661335,9770200
2017-05-22,852,27.450001,27.730000,27.420000,27.700001,25.866777,1810600
2017-05-23,853,27.700001,27.920000,27.680000,27.750000,25.913467,1513800
2017-05-24,854,27.799999,28.010000,27.780001,27.969999,26.118906,2298500
2017-05-25,855,28.000000,28.209999,27.910000,28.180000,26.315010,2027300
2017-05-26,856,28.190001,28.370001,28.139999,28.330000,26.455082,2109800
2017-05-30,857,28.309999,28.450001,28.200001,28.389999,26.511110,1333500
2017-05-31,858,28.420000,28.730000,28.400000,28.610001,26.716551,3581600
2017-06-01,859,28.610001,28.940001,28.469999,28.930000,27.015371,2747800
2017-06-02,860,29.020000,29.080000,28.809999,28.879999,26.968679,1845100
2017-06-05,861,28.820000,28.930000,28.520000,28.549999,26.660522,2170300
2017-06-06,862,28.590000,28.660000,28.420000,28.500000,26.613831,3510900
2017-06-07,863,28.559999,28.690001,28.280001,28.320000,26.445742,2523400
2017-06-08,864,28.320000,28.320000,27.990000,28.209999,26.343023,2474500
2017-06-09,865,28.219999,28.309999,27.980000,28.240000,26.371037,2228200
2017-06-12,866,28.240000,28.330000,27.900000,28.110001,26.249641,2391400
2017-06-13,867,28.080000,28.219999,28.020000,28.129999,26.268316,2738200
2017-06-14,868,28.150000,28.500000,28.150000,28.370001,26.492434,2730700
2017-06-15,869,28.309999,28.799999,28.280001,28.610001,26.716551,3360800
2017-06-16,870,28.590000,28.879999,28.590000,28.879999,26.968679,3592100
2017-06-19,871,28.900000,28.959999,28.629999,28.709999,26.809931,2624700
2017-06-20,872,28.690001,28.770000,28.260000,28.410000,26.529787,4119900
2017-06-21,873,28.379999,28.469999,27.910000,27.980000,26.128242,2372700
2017-06-22,874,28.000000,28.260000,27.940001,28.090000,26.230963,3049400
2017-06-23,875,28.070000,28.180000,27.940001,28.049999,26.193613,2529300
2017-06-26,876,28.070000,28.379999,28.040001,28.379999,26.501772,2761300
2017-06-27,877,28.230000,28.440001,28.080000,28.180000,26.315010,3478200
2017-06-28,878,28.299999,28.320000,27.780001,27.830000,25.988174,2927400
2017-06-29,879,27.680000,27.719999,27.350000,27.459999,25.642658,3909800
2017-06-30,880,27.469999,27.620001,27.379999,27.379999,25.567951,3194100
2017-07-03,881,27.469999,27.850000,27.459999,27.580000,25.754717,2749700
2017-07-05,882,27.629999,27.709999,27.389999,27.450001,25.633322,2501100
2017-07-06,883,27.370001,27.420000,27.209999,27.280001,25.474569,2649700
2017-07-07,884,27.280001,27.400000,27.120001,27.320000,25.511923,2063800
2017-07-10,885,27.320000,27.379999,27.240000,27.270000,25.465235,2413500
2017-07-11,886,27.309999,27.320000,26.980000,27.160000,25.362514,2463300
2017-07-12,887,27.400000,27.629999,27.350000,27.480000,25.661335,3148300
2017-07-13,888,27.440001,27.530001,27.219999,27.360001,25.549276,2517700
2017-07-14,889,27.540001,27.660000,27.430000,27.620001,25.792070,2482400
2017-07-17,890,27.620001,27.790001,27.500000,27.770000,25.932142,2796600
2017-07-18,891,27.799999,27.860001,27.660000,27.780001,25.941483,2654200
2017-07-19,892,27.830000,27.830000,27.559999,27.629999,25.801407,3415800
2017-07-20,893,27.780001,28.139999,27.600000,28.049999,26.193613,3752600
2017-07-21,894,28.030001,28.170000,27.950001,28.150000,26.286989,2173800
2017-07-24,895,28.150000,28.340000,28.030001,28.170000,26.305670,2890000
2017-07-25,896,28.219999,28.290001,27.860001,27.920000,26.072216,1657800
2017-07-26,897,27.910000,28.110001,27.860001,28.080000,26.221626,1795900
2017-07-27,898,28.030001,28.209999,28.030001,28.129999,26.268316,2772700
2017-07-28,899,28.129999,28.240000,28.090000,28.139999,26.277655,1832500
2017-07-31,900,28.200001,28.230000,28.080000,28.190001,26.324345,3866500
2017-08-01,901,28.230000,28.360001,28.139999,28.250000,26.380375,2098000
2017-08-02,902,28.150000,28.299999,27.840000,28.170000,26.305670,5069100
2017-08-03,903,27.639999,28.540001,27.610001,28.469999,26.585815,2868900
2017-08-04,904,28.420000,28.610001,28.290001,28.540001,26.651184,2701100
2017-08-07,905,28.580000,28.850000,28.559999,28.740000,26.837948,2867700
2017-08-08,906,28.680000,29.139999,28.660000,29.049999,27.127432,4919300
2017-08-09,907,29.129999,29.450001,29.030001,29.059999,27.136766,3691400
2017-08-10,908,29.059999,29.309999,28.920000,29.129999,27.202135,3019500
2017-08-11,909,29.010000,29.100000,28.750000,28.820000,26.912655,2026100
2017-08-14,910,28.870001,29.100000,28.620001,28.799999,27.145937,3575400
2017-08-15,911,28.700001,28.860001,28.639999,28.840000,27.183641,2497900
2017-08-16,912,28.840000,28.990000,28.770000,28.950001,27.287321,2789300
2017-08-17,913,28.930000,29.040001,28.760000,28.770000,27.117659,2514600
2017-08-18,914,28.730000,29.240000,28.700001,29.010000,27.343876,3520600
2017-08-21,915,29.049999,29.379999,29.049999,29.280001,27.598372,2396900
2017-08-22,916,29.320000,29.520000,29.240000,29.510000,27.815159,2408400
2017-08-23,917,29.500000,29.750000,29.400000,29.730000,28.022526,1606100
2017-08-24,918,29.700001,29.719999,29.520000,29.639999,27.937695,2072700
2017-08-25,919,29.790001,29.870001,29.660000,29.730000,28.022526,1495800
2017-08-28,920,29.799999,29.950001,29.660000,29.930000,28.211039,1949800
2017-08-29,921,30.000000,30.120001,29.790001,29.889999,28.173334,3252100
2017-08-30,922,29.809999,29.889999,29.570000,29.660000,27.956547,2518500
2017-08-31,923,29.690001,29.709999,29.559999,29.620001,27.918844,3481200
2017-09-01,924,29.700001,29.740000,29.510000,29.629999,27.928268,1941400
2017-09-05,925,29.719999,29.730000,29.540001,29.620001,27.918844,2638800
2017-09-06,926,29.809999,29.809999,29.360001,29.440001,27.749182,3406800
2017-09-07,927,29.480000,29.980000,29.469999,29.959999,28.239315,3179400
2017-09-08,928,29.860001,30.030001,29.730000,30.010000,28.286446,3076300
2017-09-11,929,30.030001,30.450001,29.980000,30.450001,28.701172,2638700
2017-09-12,930,30.420000,30.440001,29.860001,29.980000,28.258167,2970000
2017-09-13,931,29.959999,30.170000,29.920000,29.940001,28.220467,3681000
2017-09-14,932,29.920000,30.190001,29.780001,30.139999,28.408978,3753100
2017-09-15,933,30.190001,30.299999,30.100000,30.270000,28.531511,5332100
2017-09-18,934,30.290001,30.340000,29.820000,29.980000,28.258167,2239100
2017-09-19,935,30.049999,30.070000,29.860001,29.969999,28.248743,3556700
2017-09-20,936,30.049999,30.120001,29.610001,29.700001,27.994247,2274500
2017-09-21,937,29.680000,29.840000,29.420000,29.490000,27.796310,2836700
2017-09-22,938,29.580000,29.580000,29.170000,29.200001,27.522966,2626000
2017-09-25,939,29.219999,29.690001,29.170000,29.660000,27.956547,2800400
2017-09-26,940,29.570000,29.730000,29.350000,29.639999,27.937695,3296400
2017-09-27,941,29.500000,29.639999,28.969999,29.080000,27.409859,3461700
2017-09-28,942,29.070000,29.240000,28.900000,29.150000,27.475836,2937100
2017-09-29,943,29.170000,29.270000,29.070000,29.209999,27.532391,2771600
2017-10-02,944,29.250000,29.280001,28.889999,28.959999,27.296747,3035300
2017-10-03,945,28.980000,28.980000,28.600000,28.780001,27.127085,2139700
2017-10-04,946,28.780001,29.010000,28.670000,28.990000,27.325024,2433000
2017-10-05,947,28.990000,29.110001,28.809999,29.059999,27.391005,3088000
2017-10-06,948,28.920000,28.990000,28.809999,28.879999,27.221344,2363400
2017-10-09,949,28.910000,28.980000,28.690001,28.730000,27.079958,2737800
2017-10-10,950,28.830000,29.139999,28.730000,29.120001,27.447559,2294300
2017-10-11,951,29.150000,29.490000,29.150000,29.309999,27.626646,2266600
2017-10-12,952,29.309999,29.770000,29.230000,29.719999,28.013098,4504500
2017-10-13,953,29.840000,29.969999,29.350000,29.360001,27.673775,2650600
2017-10-16,954,29.260000,29.559999,29.200001,29.459999,27.768030,2816500
2017-10-17,955,29.430000,29.549999,29.270000,29.530001,27.834011,2240900
2017-10-18,956,29.510000,29.799999,29.480000,29.580000,27.881140,2165900
2017-10-19,957,29.610001,29.750000,29.469999,29.750000,28.041376,1874100
2017-10-20,958,29.690001,29.750000,29.520000,29.700001,27.994247,1545300
2017-10-23,959,29.700001,29.730000,29.510000,29.670000,27.965973,2624000
2017-10-24,960,29.680000,29.780001,29.459999,29.590000,27.890566,3426000
2017-10-25,961,29.450001,29.490000,29.070000,29.379999,27.692627,2002000
2017-10-26,962,29.510000,29.770000,29.450001,29.490000,27.796310,2390700
2017-10-27,963,29.379999,29.750000,29.290001,29.750000,28.041376,1603700
2017-10-30,964,29.700001,29.740000,29.420000,29.469999,27.777456,2565500
2017-10-31,965,29.420000,29.650000,29.350000,29.580000,27.881140,2495200
2017-11-01,966,29.709999,29.770000,29.450001,29.709999,28.003670,3732900
2017-11-02,967,29.709999,29.809999,29.440001,29.740000,28.031950,3326500
2017-11-03,968,28.570000,29.860001,28.200001,29.590000,27.890566,3003800
2017-11-06,969,29.600000,29.870001,29.490000,29.719999,28.013098,2010600
2017-11-07,970,29.700001,29.990000,29.690001,29.950001,28.229891,2565900
2017-11-08,971,29.920000,30.040001,29.790001,29.950001,28.229891,2137800
2017-11-09,972,29.830000,29.920000,29.650000,29.809999,28.097931,2319000
2017-11-10,973,29.660000,29.709999,29.330000,29.410000,27.720905,2403700
2017-11-13,974,29.420000,29.660000,29.400000,29.629999,27.928268,2215800
2017-11-14,975,29.500000,29.959999,29.490000,29.950001,28.229891,3224600
2017-11-15,976,29.740000,29.850000,29.270000,29.350000,27.913662,2860100
2017-11-16,977,29.250000,29.309999,28.799999,29.030001,27.609324,3326500
2017-11-17,978,28.980000,29.170000,28.910000,29.000000,27.580791,2913100
2017-11-20,979,29.010000,29.129999,28.840000,29.120001,27.694920,2122900
2017-11-21,980,29.200001,29.209999,29.030001,29.090000,27.666386,1665800
2017-11-22,981,29.110001,29.209999,29.080000,29.150000,27.723448,1772700
2017-11-24,982,29.150000,29.230000,29.020000,29.030001,27.609324,852500
2017-11-27,983,29.110001,29.570000,29.049999,29.540001,28.094366,2607500
2017-11-28,984,29.570000,29.700001,29.510000,29.580000,28.132408,1525100
2017-11-29,985,29.510000,29.920000,29.450001,29.670000,28.218002,2061500
2017-11-30,986,29.680000,30.070000,29.680000,30.010000,28.541363,4487400
2017-12-01,987,30.170000,30.170000,29.080000,29.530001,28.084854,3766800
2017-12-04,988,29.240000,29.500000,29.000000,29.360001,27.923174,3757500
2017-12-05,989,29.360001,29.360001,28.870001,28.910000,27.495197,2870600
2017-12-06,990,28.959999,29.190001,28.780001,29.010000,27.590300,3618000
2017-12-07,991,28.969999,28.969999,28.660000,28.860001,27.447643,3001800
2017-12-08,992,28.830000,28.910000,28.680000,28.910000,27.495197,3209100
2017-12-11,993,28.780001,28.879999,28.670000,28.850000,27.438133,2837900
2017-12-12,994,28.760000,28.990000,28.370001,28.379999,26.991133,3065100
2017-12-13,995,28.450001,28.500000,28.219999,28.400000,27.010153,3999000
2017-12-14,996,28.360001,28.709999,28.100000,28.620001,27.219387,3166600
2017-12-15,997,28.690001,28.950001,28.690001,28.799999,27.390579,6728800
2017-12-18,998,28.889999,28.900000,28.389999,28.459999,27.067217,2806900
2017-12-19,999,28.480000,28.510000,28.000000,28.010000,26.639240,2330000
2017-12-20,1000,28.010000,28.290001,27.990000,28.020000,26.648750,2471400
2017-12-21,1001,27.940001,28.020000,27.750000,27.770000,26.410986,2645600
2017-12-22,1002,27.799999,28.129999,27.799999,28.070000,26.696304,1886600
2017-12-26,1003,28.110001,28.240000,27.969999,28.030001,26.658264,1348100
2017-12-27,1004,28.090000,28.219999,27.959999,28.150000,26.772388,1346700
2017-12-28,1005,28.230000,28.379999,28.070000,28.360001,26.972113,1182100
2017-12-29,1006,28.420000,28.500000,28.299999,28.360001,26.972113,1381000
2018-01-02,1007,28.389999,28.420000,27.959999,28.020000,26.648750,2553700
2018-01-03,1008,27.900000,28.250000,27.790001,27.959999,26.591686,3318100
2018-01-04,1009,27.940001,28.450001,27.910000,27.990000,26.620218,4774800
2018-01-05,1010,28.030001,28.260000,27.740000,27.870001,26.506092,4535100
2018-01-08,1011,28.080000,28.180000,27.790001,28.040001,26.667772,4733600
2018-01-09,1012,28.070000,28.180000,27.660000,27.760000,26.401472,2614700
2018-01-10,1013,27.709999,27.709999,27.240000,27.260000,25.925945,4141600
2018-01-11,1014,27.330000,27.620001,27.219999,27.430000,26.087626,3610000
2018-01-12,1015,27.350000,27.480000,27.110001,27.370001,26.030561,3957900
2018-01-16,1016,27.459999,27.620001,27.200001,27.520000,26.173218,4905900
2018-01-17,1017,27.620001,27.990000,27.570000,27.879999,26.515598,4875800
2018-01-18,1018,27.920000,28.000000,27.570000,27.830000,26.468050,4415100
2018-01-19,1019,27.930000,28.090000,27.719999,27.799999,26.439516,3563900
2018-01-22,1020,27.959999,28.090000,27.740000,27.790001,26.430008,2902200
2018-01-23,1021,27.879999,28.170000,27.700001,28.080000,26.705814,2774200
2018-01-24,1022,28.030001,28.180000,27.879999,28.139999,26.762878,4402500
2018-01-25,1023,28.139999,28.410000,28.030001,28.379999,26.991133,4441800
2018-01-26,1024,28.440001,28.490000,28.170000,28.459999,27.067217,3052600
2018-01-29,1025,28.340000,28.420000,27.719999,27.730000,26.372942,4638600
2018-01-30,1026,27.790001,27.990000,27.660000,27.820000,26.458536,4479500
2018-01-31,1027,27.889999,28.190001,27.750000,28.180000,26.800920,4541000
2018-02-01,1028,28.170000,28.320000,27.670000,27.719999,26.363432,5210800
2018-02-02,1029,27.600000,27.870001,27.520000,27.549999,26.201752,4374300
2018-02-05,1030,27.469999,27.790001,26.910000,26.910000,25.593073,4794200
2018-02-06,1031,26.639999,26.639999,25.850000,26.320000,25.031946,6675100
2018-02-07,1032,26.309999,26.840000,26.250000,26.360001,25.069988,5097700
2018-02-08,1033,26.320000,26.530001,25.840000,25.850000,24.584949,5480900
2018-02-09,1034,25.920000,26.719999,25.879999,26.500000,25.203138,4156900
2018-02-12,1035,26.540001,26.889999,26.340000,26.730000,25.421881,2870900
2018-02-13,1036,26.650000,26.879999,26.420000,26.770000,25.459923,3354700
2018-02-14,1037,26.360001,26.480000,26.120001,26.190001,25.169214,2990000
2018-02-15,1038,26.260000,26.760000,26.200001,26.760000,25.716997,3202800
2018-02-16,1039,26.690001,26.990000,26.639999,26.910000,25.861151,3285000
2018-02-20,1040,26.809999,27.000000,26.650000,26.730000,25.688166,3638100
2018-02-21,1041,26.780001,26.820000,26.219999,26.230000,25.207653,3811900
2018-02-22,1042,27.139999,27.520000,26.440001,27.000000,25.947641,5750500
2018-02-23,1043,27.090000,27.760000,26.959999,27.730000,26.649191,3971300
2018-02-26,1044,27.780001,27.870001,27.670000,27.790001,26.706854,3515600
2018-02-27,1045,27.850000,27.879999,27.230000,27.250000,26.187899,3911900
2018-02-28,1046,27.330000,27.410000,27.020000,27.049999,25.995691,5170200
2018-03-01,1047,27.049999,27.320000,26.639999,26.719999,25.678556,5152500
2018-03-02,1048,26.730000,27.020000,26.469999,26.690001,25.649727,3971100
2018-03-05,1049,26.670000,27.240000,26.580000,27.150000,26.091797,4651000
2018-03-06,1050,27.129999,27.139999,26.639999,26.770000,25.726606,3545100
2018-03-07,1051,26.730000,26.809999,26.530001,26.709999,25.668943,3239900
2018-03-08,1052,26.850000,27.110001,26.799999,27.090000,26.034136,4357900
2018-03-09,1053,27.190001,27.190001,26.950001,27.129999,26.072575,4032900
2018-03-12,1054,27.160000,27.440001,27.139999,27.430000,26.360884,4252900
2018-03-13,1055,27.480000,27.590000,27.260000,27.309999,26.245560,3492700
2018-03-14,1056,27.389999,27.549999,26.770000,27.049999,25.995691,9242800
2018-03-15,1057,27.129999,27.430000,26.469999,26.920000,25.870762,9482000
2018-03-16,1058,26.889999,27.260000,26.860001,27.150000,26.091797,13786600
2018-03-19,1059,27.160000,27.180000,26.780001,26.950001,25.899593,4955400
2018-03-20,1060,26.930000,26.990000,26.600000,26.809999,25.765049,7629600
2018-03-21,1061,26.799999,27.280001,26.709999,26.840000,25.793880,6536500
2018-03-22,1062,26.530001,27.000000,26.400000,26.730000,25.688166,7524500
2018-03-23,1063,26.840000,27.139999,26.440001,26.500000,25.467133,5078500
2018-03-26,1064,26.650000,26.920000,26.430000,26.840000,25.793880,4171600
2018-03-27,1065,26.860001,27.469999,26.760000,27.090000,26.034136,7689900
2018-03-28,1066,27.200001,27.200001,26.580000,26.950001,25.899593,5207200
2018-03-29,1067,26.980000,27.490000,26.980000,27.400000,26.332054,6023700
2018-04-02,1068,27.469999,27.500000,26.770000,26.980000,25.928423,3697200
2018-04-03,1069,26.969999,27.180000,26.790001,27.080000,26.024527,4728700
2018-04-04,1070,27.030001,27.290001,26.879999,27.200001,26.139851,4033800
2018-04-05,1071,27.230000,27.540001,26.959999,27.290001,26.226339,4783000
2018-04-06,1072,27.260000,27.260000,26.740000,26.889999,25.841928,5287900
2018-04-09,1073,26.930000,27.309999,26.870001,27.129999,26.072575,3886100
2018-04-10,1074,27.070000,27.219999,27.010000,27.100000,26.043747,2938600
2018-04-11,1075,27.049999,27.219999,26.780001,26.830000,25.784267,2973500
2018-04-12,1076,26.900000,26.910000,26.389999,26.530001,25.495960,3119300
2018-04-13,1077,26.590000,26.780001,26.530001,26.670000,25.630505,2902400
2018-04-16,1078,26.750000,27.120001,26.690001,27.070000,26.014915,3120700
2018-04-17,1079,27.120001,27.270000,26.980000,27.170000,26.111015,4225000
2018-04-18,1080,27.170000,27.370001,27.110001,27.139999,26.082188,2124500
2018-04-19,1081,27.020000,27.160000,26.900000,26.980000,25.928423,3098400
2018-04-20,1082,27.010000,27.070000,26.620001,26.680000,25.640118,5112000
2018-04-23,1083,26.250000,26.490000,25.760000,25.940001,24.928957,9942800
2018-04-24,1084,26.049999,26.059999,25.290001,25.360001,24.371563,11269300
2018-04-25,1085,25.260000,25.459999,24.809999,24.920000,23.948713,8430600
2018-04-26,1086,25.030001,25.200001,24.889999,25.110001,24.131308,8207100
2018-04-27,1087,25.059999,25.590000,25.020000,25.469999,24.477276,8006100
2018-04-30,1088,25.500000,25.580000,25.230000,25.330000,24.342735,5040100
2018-05-01,1089,25.260000,25.469999,25.260000,25.440001,24.448446,5886300
2018-05-02,1090,25.480000,25.600000,25.340000,25.459999,24.467665,5013100
2018-05-03,1091,25.420000,25.510000,24.990000,25.379999,24.390783,6267400
2018-05-04,1092,26.980000,27.080000,26.040001,26.389999,25.361418,8659000
2018-05-07,1093,26.719999,27.040001,26.480000,26.629999,25.592064,8590800
2018-05-08,1094,26.480000,26.570000,26.200001,26.549999,25.515182,10349200
2018-05-09,1095,26.830000,26.889999,26.250000,26.270000,25.246096,6077900
2018-05-10,1096,26.410000,26.680000,26.330000,26.639999,25.601673,5820000
2018-05-11,1097,26.629999,26.790001,26.559999,26.680000,25.640118,2331100
2018-05-14,1098,26.760000,26.830000,26.389999,26.490000,25.457521,4872200
2018-05-15,1099,26.379999,26.490000,25.840000,26.059999,25.044279,5622300
2018-05-16,1100,25.850000,25.889999,25.440001,25.500000,24.769869,3850500
2018-05-17,1101,25.530001,25.650000,25.230000,25.290001,24.565884,3179000
2018-05-18,1102,25.360001,25.469999,25.209999,25.330000,24.604738,3239400
2018-05-21,1103,25.370001,25.400000,25.180000,25.219999,24.497885,3874900
2018-05-22,1104,25.260000,25.570000,25.230000,25.410000,24.682446,2824000
2018-05-23,1105,25.450001,25.889999,25.389999,25.860001,25.119560,4793800
2018-05-24,1106,25.900000,26.200001,25.730000,26.170000,25.420685,3115400
2018-05-25,1107,26.139999,26.170000,25.959999,25.980000,25.236126,2693800
2018-05-29,1108,25.920000,26.100000,25.690001,25.840000,25.100134,4411300
2018-05-30,1109,25.870001,26.280001,25.719999,26.120001,25.372118,5890700
2018-05-31,1110,26.129999,26.360001,25.969999,26.129999,25.381830,5086600
2018-06-01,1111,26.129999,26.190001,25.570000,25.660000,24.925287,4537200
2018-06-04,1112,25.930000,26.040001,25.570000,25.629999,24.896145,3768900
2018-06-05,1113,25.610001,25.760000,25.510000,25.660000,24.925287,3974200
2018-06-06,1114,25.660000,25.809999,25.120001,25.209999,24.488171,2916600
2018-06-07,1115,25.260000,25.559999,25.100000,25.410000,24.682446,3008000
2018-06-08,1116,25.459999,25.510000,25.150000,25.350000,24.624165,2999400
2018-06-11,1117,25.350000,25.490000,25.100000,25.219999,24.497885,2434300
2018-06-12,1118,25.370001,25.959999,25.270000,25.910000,25.168129,5509200
2018-06-13,1119,25.910000,26.270000,25.610001,25.639999,24.905859,4327300
2018-06-14,1120,25.650000,26.180000,25.650000,26.180000,25.430399,3977800
2018-06-15,1121,26.070000,26.100000,25.809999,25.889999,25.148701,5972500
2018-06-18,1122,25.879999,26.129999,25.870001,26.080000,25.333261,2893000
2018-06-19,1123,26.030001,26.389999,26.020000,26.379999,25.624672,2564500
2018-06-20,1124,26.469999,26.480000,26.230000,26.309999,25.556675,2698500
2018-06-21,1125,26.250000,26.559999,26.240000,26.520000,25.760664,3477100
2018-06-22,1126,26.580000,26.650000,26.480000,26.620001,25.857801,3397100
2018-06-25,1127,26.660000,27.290001,26.639999,27.190001,26.411480,4149500
2018-06-26,1128,27.110001,27.540001,27.110001,27.330000,26.547472,5472300
2018-06-27,1129,27.309999,27.610001,27.190001,27.559999,26.770885,3410300
2018-06-28,1130,27.840000,28.000000,27.520000,27.559999,26.770885,4000800
2018-06-29,1131,27.559999,27.860001,27.420000,27.709999,26.916590,3354400
2018-07-02,1132,27.750000,27.850000,27.420000,27.570000,26.780598,3652500
2018-07-03,1133,27.600000,27.799999,27.540001,27.610001,26.819454,2342600
2018-07-05,1134,27.660000,27.750000,27.280001,27.750000,26.955444,3538600
2018-07-06,1135,27.820000,28.020000,27.730000,27.940001,27.140007,2294300
2018-07-09,1136,27.940001,27.980000,26.840000,26.920000,26.149210,4217200
2018-07-10,1137,26.809999,27.240000,26.549999,27.110001,26.333769,4669700
2018-07-11,1138,27.129999,27.540001,27.070000,27.510000,26.722319,3167800
2018-07-12,1139,27.580000,27.910000,27.510000,27.830000,27.033155,4647000
2018-07-13,1140,27.790001,27.920000,27.549999,27.760000,26.965160,1978400
2018-07-16,1141,27.799999,27.840000,27.650000,27.730000,26.936020,2036500
2018-07-17,1142,27.799999,27.860001,27.620001,27.709999,26.916590,1630200
2018-07-18,1143,27.750000,27.750000,27.370001,27.610001,26.819454,3113900
2018-07-19,1144,27.650000,28.150000,27.650000,28.020000,27.217714,3368600
2018-07-20,1145,27.959999,27.990000,27.610001,27.760000,26.965160,2364300
2018-07-23,1146,27.830000,27.980000,27.620001,27.639999,26.848595,3427700
2018-07-24,1147,27.610001,27.980000,27.260000,27.930000,27.130293,6294500
2018-07-25,1148,27.920000,28.260000,27.889999,28.100000,27.295425,3755600
2018-07-26,1149,28.260000,28.540001,28.000000,28.170000,27.363420,3062300
2018-07-27,1150,28.170000,28.350000,28.000000,28.160000,27.353708,2710500
2018-07-30,1151,28.160000,28.170000,27.900000,28.030001,27.227428,2546800
2018-07-31,1152,28.170000,28.480000,28.030001,28.480000,27.664543,4365600
2018-08-01,1153,28.320000,28.320000,27.830000,27.930000,27.130293,3618200
2018-08-02,1154,27.910000,28.200001,27.740000,28.110001,27.305138,2634800
2018-08-03,1155,28.100000,28.280001,27.799999,27.969999,27.169144,2751600
2018-08-06,1156,27.950001,28.430000,27.940001,28.270000,27.460558,3699200
2018-08-07,1157,28.270000,28.340000,28.090000,28.280001,27.470270,2449400
2018-08-08,1158,28.270000,28.340000,28.080000,28.240000,27.431416,2127100
2018-08-09,1159,28.230000,28.280001,28.059999,28.200001,27.392561,1866300
2018-08-10,1160,28.280001,28.430000,28.110001,28.129999,27.324566,2973300
2018-08-13,1161,28.180000,28.270000,28.049999,28.219999,27.411987,1804800
2018-08-14,1162,28.260000,28.260000,28.000000,28.129999,27.324566,2538600
2018-08-15,1163,27.879999,28.200001,27.790001,27.950001,27.420218,2572200
2018-08-16,1164,27.959999,28.290001,27.820000,28.290001,27.753773,4620600
2018-08-17,1165,28.299999,28.490000,28.260000,28.290001,27.753773,3546000
2018-08-20,1166,28.330000,28.379999,28.150000,28.350000,27.812637,2443400
2018-08-21,1167,28.379999,28.379999,28.000000,28.059999,27.528131,2138200
2018-08-22,1168,28.129999,28.160000,27.770000,27.830000,27.302492,1626000
2018-08-23,1169,27.809999,27.950001,27.610001,27.709999,27.184765,2074500
2018-08-24,1170,27.750000,27.930000,27.580000,27.879999,27.351543,2553600
2018-08-27,1171,27.930000,27.980000,27.510000,27.680000,27.155336,1376600
2018-08-28,1172,27.620001,27.670000,27.480000,27.549999,27.027798,2092500
2018-08-29,1173,27.639999,27.809999,27.520000,27.790001,27.263252,1886800
2018-08-30,1174,27.809999,27.889999,27.680000,27.770000,27.243629,2117000
2018-08-31,1175,27.820000,28.000000,27.690001,27.790001,27.263252,2625600
2018-09-04,1176,27.680000,27.940001,27.650000,27.920000,27.390787,3379600
2018-09-05,1177,28.520000,28.959999,28.200001,28.920000,28.371832,4729500
2018-09-06,1178,28.860001,29.000000,28.730000,28.900000,28.352209,2953200
2018-09-07,1179,28.709999,28.820000,28.500000,28.510000,27.969603,2139500
2018-09-10,1180,28.660000,28.799999,28.570000,28.730000,28.185432,1747600
2018-09-11,1181,28.740000,28.860001,28.670000,28.760000,28.214865,1960500
2018-09-12,1182,28.799999,28.860001,28.530001,28.580000,28.038277,2080700
2018-09-13,1183,28.549999,28.799999,28.379999,28.780001,28.234486,3485800
2018-09-14,1184,28.750000,29.059999,28.549999,28.920000,28.371832,4604100
2018-09-17,1185,28.920000,28.920000,28.580000,28.780001,28.234486,2741900
2018-09-18,1186,28.730000,28.790001,28.530001,28.600000,28.057898,2625500
2018-09-19,1187,28.639999,28.639999,27.840000,27.910000,27.380976,2459100
2018-09-20,1188,27.940001,28.059999,27.680000,28.000000,27.469269,2217300
2018-09-21,1189,27.930000,28.230000,27.860001,28.030001,27.498703,5666100
2018-09-24,1190,28.090000,28.120001,27.780001,27.820000,27.292681,2411100
2018-09-25,1191,27.260000,27.930000,26.870001,27.650000,27.125904,11382000
2018-09-26,1192,27.420000,27.520000,27.090000,27.250000,26.733486,57295500
2018-09-27,1193,27.320000,27.540001,27.200001,27.420000,26.900263,21037200
2018-09-28,1194,27.500000,27.760000,27.480000,27.650000,27.125904,16733300
2018-10-01,1195,27.590000,27.680000,27.430000,27.540001,27.017990,5079800
2018-10-02,1196,27.719999,27.969999,27.420000,27.910000,27.380976,10114600
2018-10-03,1197,27.930000,27.980000,27.170000,27.320000,26.802158,8010300
2018-10-04,1198,27.280001,27.450001,26.969999,27.280001,26.762917,6112000
2018-10-05,1199,27.280001,27.760000,27.250000,27.730000,27.204386,6178600
2018-10-08,1200,27.870001,28.240000,27.799999,27.950001,27.420218,5810800
2018-10-09,1201,28.090000,28.290001,27.950001,28.129999,27.596806,5600400
2018-10-10,1202,28.180000,28.450001,27.850000,27.879999,27.351543,6935400
2018-10-11,1203,28.010000,28.020000,27.120001,27.150000,26.635380,5412400
2018-10-12,1204,27.219999,27.420000,27.040001,27.340000,26.821779,7071300
2018-10-15,1205,27.459999,27.780001,27.309999,27.549999,27.027798,5247800
2018-10-16,1206,27.520000,27.959999,27.350000,27.750000,27.224009,4029100
2018-10-17,1207,27.709999,27.879999,27.389999,27.559999,27.037609,3526200
2018-10-18,1208,27.610001,27.920000,27.520000,27.760000,27.233820,4661700
2018-10-19,1209,27.840000,28.190001,27.730000,28.120001,27.586996,4859800
2018-10-22,1210,28.120001,28.190001,27.760000,27.809999,27.282871,4400500
2018-10-23,1211,27.809999,28.010000,27.480000,27.670000,27.145525,5157300
2018-10-24,1212,27.870001,28.290001,27.730000,27.910000,27.380976,6188900
2018-10-25,1213,27.790001,27.910000,27.469999,27.750000,27.224009,6621600
2018-10-26,1214,27.840000,27.969999,26.930000,27.170000,26.655001,5102600
2018-10-29,1215,27.219999,27.590000,27.059999,27.219999,26.704054,3933200
2018-10-30,1216,27.320000,27.500000,27.059999,27.299999,26.782537,4479300
2018-10-31,1217,27.110001,27.260000,26.740000,27.010000,26.498035,5600700
2018-11-01,1218,27.049999,27.219999,26.950001,27.190001,26.674623,3889700
2018-11-02,1219,27.250000,27.280001,26.870001,26.959999,26.448982,4177500
2018-11-05,1220,27.090000,27.520000,26.990000,27.490000,26.968937,3788000
2018-11-06,1221,27.590000,27.830000,27.490000,27.799999,27.273060,3969600
2018-11-07,1222,27.990000,28.350000,27.840000,28.320000,27.783203,6670500
2018-11-08,1223,28.670000,28.670000,27.719999,28.059999,27.528131,6806200
2018-11-09,1224,27.940001,28.340000,27.940001,28.129999,27.596806,4999700
2018-11-12,1225,28.190001,28.469999,28.040001,28.100000,27.567375,3971300
2018-11-13,1226,28.080000,28.280001,27.889999,28.219999,27.685099,5826300
2018-11-14,1227,27.930000,27.990000,27.370001,27.459999,27.207045,5102600
2018-11-15,1228,27.330000,27.549999,26.870001,27.549999,27.296215,6089900
2018-11-16,1229,27.820000,27.930000,27.459999,27.730000,27.474558,5674100
2018-11-19,1230,27.690001,28.020000,27.570000,27.969999,27.712345,4004000
2018-11-20,1231,28.010000,28.190001,27.770000,27.850000,27.593452,3300600
2018-11-21,1232,27.840000,28.010000,27.700001,27.809999,27.553820,4565000
2018-11-23,1233,27.770000,27.870001,27.540001,27.650000,27.395294,2193200
2018-11-26,1234,27.740000,27.900000,27.559999,27.809999,27.553820,4387000
2018-11-27,1235,27.799999,28.040001,27.709999,27.950001,27.692532,3041000
2018-11-28,1236,27.920000,28.129999,27.740000,28.010000,27.751978,4747100
2018-11-29,1237,28.010000,28.010000,27.490000,27.740000,27.484465,5342300
2018-11-30,1238,27.830000,28.020000,27.700001,28.010000,27.751978,6082900
2018-12-03,1239,28.100000,28.400000,27.930000,28.370001,28.108664,5462000
2018-12-04,1240,28.400000,28.610001,27.980000,28.049999,27.791609,6221600
2018-12-06,1241,28.120001,28.230000,27.650000,28.170000,27.910503,4954300
2018-12-07,1242,28.250000,28.620001,28.129999,28.379999,28.118568,5079200
2018-12-10,1243,28.420000,28.620001,27.910000,28.459999,28.197832,4129100
2018-12-11,1244,28.580000,28.870001,28.490000,28.780001,28.514885,5297900
2018-12-12,1245,28.889999,29.200001,28.830000,28.889999,28.623871,5872000
2018-12-13,1246,28.879999,29.500000,28.879999,29.340000,29.069727,8195700
2018-12-14,1247,29.549999,29.580000,29.209999,29.299999,29.030094,6420800
2018-12-17,1248,29.389999,29.629999,28.730000,28.910000,28.643688,9647000
2018-12-18,1249,28.879999,29.120001,28.230000,28.299999,28.039307,6869100
2018-12-19,1250,28.410000,28.750000,28.139999,28.389999,28.128477,5648000
2018-12-20,1251,28.379999,28.680000,28.040001,28.400000,28.138386,6270200
2018-12-21,1252,28.410000,29.110001,28.230000,28.370001,28.108664,9960000
2018-12-24,1253,28.459999,28.559999,27.160000,27.219999,26.969255,2966600
2018-12-26,1254,27.219999,27.709999,26.809999,27.650000,27.395294,4880200
2018-12-27,1255,27.600000,28.120001,27.160000,28.090000,27.831242,5702100
2018-12-28,1256,28.160000,28.330000,27.889999,28.000000,27.742069,3812500
2018-12-31,1257,28.000000,28.250000,27.770000,28.230000,27.969952,3579000
2019-01-02,1258,28.160000,28.180000,27.740000,28.000000,27.742069,4027300
2019-01-03,1259,28.040001,28.400000,27.959999,28.160000,27.900597,7861600
2019-01-04,1260,28.139999,28.709999,28.139999,28.680000,28.415806,6656200
2019-01-07,1261,28.900000,29.200001,28.629999,28.790001,28.524794,7845400
2019-01-08,1262,28.870001,29.350000,28.820000,29.340000,29.069727,4658100
2019-01-09,1263,29.270000,29.430000,28.920000,28.980000,28.713041,4719600
2019-01-10,1264,29.040001,29.549999,28.980000,29.510000,29.238161,3436700
2019-01-11,1265,29.480000,29.500000,29.219999,29.379999,29.109358,3755100
2019-01-14,1266,29.240000,29.309999,28.950001,29.200001,28.931017,5985600
2019-01-15,1267,29.299999,29.719999,29.200001,29.290001,29.020187,5085300
2019-01-16,1268,29.209999,29.530001,29.209999,29.520000,29.248068,4743800
2019-01-17,1269,29.480000,29.670000,29.400000,29.540001,29.267885,3699600
2019-01-18,1270,29.780001,29.820000,29.440001,29.440001,29.168806,6719800
2019-01-22,1271,29.490000,29.610001,29.080000,29.610001,29.337240,7518700
2019-01-23,1272,29.620001,29.900000,29.620001,29.870001,29.594845,4802200
2019-01-24,1273,29.799999,30.170000,29.620001,30.120001,29.842543,6317600
2019-01-25,1274,30.049999,30.200001,29.730000,29.790001,29.515581,5605400
2019-01-28,1275,29.790001,30.020000,29.610001,29.860001,29.584936,6318400
2019-01-29,1276,29.990000,30.070000,29.860001,30.030001,29.753370,4339000
2019-01-30,1277,29.900000,30.389999,29.900000,30.209999,29.931711,3672000
2019-01-31,1278,30.200001,30.990000,30.040001,30.920000,30.635172,6464600
2019-02-01,1279,30.860001,30.959999,30.549999,30.809999,30.526184,4046400
2019-02-04,1280,30.620001,30.940001,30.400000,30.930000,30.645081,5069100
2019-02-05,1281,30.820000,30.959999,30.740000,30.830000,30.546001,6156800
2019-02-06,1282,30.719999,30.820000,30.510000,30.600000,30.318119,4231300
2019-02-07,1283,30.629999,30.860001,30.469999,30.809999,30.526184,4006500
2019-02-08,1284,30.809999,30.879999,30.469999,30.850000,30.565817,4929300
2019-02-11,1285,30.830000,30.940001,30.490000,30.790001,30.506371,4539600
2019-02-12,1286,30.860001,31.010000,30.650000,30.840000,30.555908,4621300
2019-02-13,1287,30.760000,30.889999,30.629999,30.760000,30.476646,3379700
2019-02-14,1288,30.780001,30.980000,30.670000,30.830000,30.546001,3626600
2019-02-15,1289,30.950001,31.040001,30.740000,30.889999,30.605448,3797400
2019-02-19,1290,30.930000,31.240000,30.879999,31.209999,30.922499,4638000
2019-02-20,1291,30.950001,31.059999,30.770000,30.980000,30.980000,4870300
2019-02-21,1292,30.799999,31.260000,30.680000,31.219999,31.219999,2875700
2019-02-22,1293,31.280001,31.420000,31.080000,31.400000,31.400000,3042400
2019-02-25,1294,31.389999,31.410000,30.879999,31.010000,31.010000,3382400
2019-02-26,1295,31.270000,31.270000,30.910000,30.930000,30.930000,4009000
2019-02-27,1296,30.910000,31.180000,30.719999,31.160000,31.160000,6019700
2019-02-28,1297,30.190001,30.219999,29.200001,30.139999,30.139999,11266700
2019-03-01,1298,30.100000,30.280001,29.830000,30.170000,30.170000,5962300
2019-03-04,1299,30.170000,30.360001,29.889999,30.340000,30.340000,4788300
2019-03-05,1300,30.290001,30.360001,30.059999,30.170000,30.170000,4568800
2019-03-06,1301,30.209999,30.250000,29.940001,30.100000,30.100000,4118000
2019-03-07,1302,30.160000,30.309999,29.920000,30.030001,30.030001,5644200
2019-03-08,1303,30.080000,30.120001,29.760000,30.030001,30.030001,3960500
2019-03-11,1304,30.030001,30.430000,30.000000,30.430000,30.430000,4084800
2019-03-12,1305,30.430000,30.730000,30.330000,30.680000,30.680000,3943900
2019-03-13,1306,30.709999,30.760000,30.400000,30.410000,30.410000,6378400
2019-03-14,1307,30.420000,30.620001,30.260000,30.410000,30.410000,5730200
2019-03-15,1308,30.420000,30.809999,30.350000,30.809999,30.809999,9949200
2019-03-18,1309,30.799999,30.830000,30.379999,30.580000,30.580000,5015200
2019-03-19,1310,30.480000,30.570000,30.209999,30.270000,30.270000,3641300
2019-03-20,1311,30.370001,30.530001,30.219999,30.260000,30.260000,3466400
2019-03-21,1312,30.240000,30.760000,30.180000,30.620001,30.620001,2916500
2019-03-22,1313,30.719999,30.920000,30.650000,30.719999,30.719999,3836600
